inchikey,smiles,name,n_papers,papers
WEVYAHXRMPXWCK-UHFFFAOYSA-N,CC#N,Acetonitrile (CH3CN only; no CH2Cl2…,46,"Accessing_chiral_sulfones_bearing_quaternary_carbon_stereocenters_via_photoinduced_radical_sulfur_dioxide_insertion_and_; Angew Chem Int Ed - 2019 - Meng - Controllable Isomerization of Alkenes by Dual Visible‐Light‐Cobalt Catalysis; Asymmetric_1,4-functionalization_of_1,3-enynes_via_dual_photoredox_and_chromium_catalysis; Banjare et al. - 2025 - Radical C─H‐Aroylation of Allenes via Cooperative Photoredox and N ‐Heterocyclic Carbene Cata; Baussière and Haugland - 2023 - Radical Group Transfer of Vinyl and Alkynyl Silanes Driven by Photoredox Catalysis; Bhaskar Pal et al. - 2023 - Stereospecific Photoredox‐Catalyzed Vinylations to Functionalized Alkenes and C ‐Glycosides; Borate_esters_as_convenient_reagents_for_direct_amidation_of_carboxylic_acids_and_transamidation_of_primary_amides; Brambilla et al. - 2023 - Synthesis of Indole‐Fused 1,4‐Diazepinones via Photoredox‐Catalyzed Cascade Cyclization Reaction; Bárbara et al. - 2025 - Protecting group-free photocatalyzed O-arylation of quinic acid; Calogero et al. - 2022 - A Photoredox Nozaki‐Hiyama Reaction Catalytic in Chromium; Carbene_and_photocatalyst-catalyzed_decarboxylative_radical_coupling_of_carboxylic_acids_and_acyl_imidazoles_to_form_ket; Cardinale et al. - 2020 - Photoredox‐Catalyzed Addition of Carbamoyl Radicals to Olefins A 1,4‐Dihydropyridine Approach; Chemistry A European J - 2022 - Prentice - Multi‐Resonant Thermally Activated Delayed Fluorescent  MR‐TADF  Compounds as; ChromiumCatalyzed_PinacolType_CrossCoupling_Studies_on_Stereoselectivity; Cooperative_photoredox_and_N-heterocyclic_carbene-catalyzed_formal_CH_acylation_of_cyclopropanes_iviai_a_deconstructionr; Diastereoselective_and_enantioselective_photoredox_pinacol_coupling_promoted_by_titanium_complexes_with_a_red-absorbing_; Direct_CH_difluoromethylation_of_heterocycles_via_organic_photoredox_catalysis; Direct_evidence_of_charge_separation_in_a_metalorganic_framework_efficient_and_selective_photocatalytic_oxidative_coupli; Direct_sulfonylation_of_anilines_mediated_by_visible_light; Dubois et al. - 2023 - Visible Light Photoredox-Catalyzed Decarboxylative Alkylation of 3-Aryl-Oxetanes and Azetidines via; Duhail et al. - 2021 - Radical α-Trifluoromethoxylation of Ketones under Batch and Flow Conditions by Means of Organic Phot; Electrochemical_deoxygenative_trifluoromethylallenylation_of_propargylic_alcohols_iviai_sodium-mediated_pre-association; Nickel-catalyzed_allylic_defluorinative_alkylation_of_trifluoromethyl_alkenes_with_reductive_decarboxylation_of_redox-ac; No_photocatalyst_required__versatile,_visible_light_mediated_transformations_with_polyhalomethanes; Photoactive_electron_donoracceptor_complex_platform_for_Ni-mediated_Cspsup3supCspsup2sup_bond_formation; Photoredox-catalyzed_dicarbofunctionalization_of_styrenes_with_amines_and_COsub2sub_a_convenient_access_to_-amino_acids; Rutheniumscpiiscp-catalyzed_chemoselective_deacylative_annulation_of_1,3-diones_with_sulfoxonium_ylides_iviai_CC_bond_ac; Suzuki-type_cross-coupling_of_alkyl_trifluoroborates_with_acid_fluoride_enabled_by_NHCphotoredox_dual_catalysis; Synthesis_of_a_polyisobutylene-tagged_fac-Irppysub3sub_complex_and_its_application_as_recyclable_visible-light_photocata; Thianthrenium-Enabled_Chromium-Catalyzed_Deuterated_Alkyl_Addition_to_Aldehydes_via_Photoactive_Electron_Donor-Acceptor_; Tunable_CH_functionalization_and_dearomatization_enabled_by_an_organic_photocatalyst; Visible-Light-Mediated_Deaminative_Three-Component_Dicarbofunctionalization_of_Styrenes_with_Benzylic_Radicals; Visible-light-induced_radical_hydrodifluoromethylation_of_alkenes; Visible_light-mediated_oxidative_decarboxylation_of_arylacetic_acids_into_benzyl_radicals_addition_to_electron-deficient; Zheng et al. - 2018 - Catalytic C−H Trifluoromethoxylation of Arenes and Heteroarenes; au4c00902; catalysts-13-01007-v2; catalysts-13-01126; cs2c04736; d1ra07314a; fchem-10-1087834; ja3c06524; jo2c02952; ol3c01795; ol4c02700; sc5c11241"
PRWATGACIORDEL-UHFFFAOYSA-N,C1=CC=C2C(=C1)C3=CC=CC=C3N2C4=C(C(=C(C(=C4C#N)N5C6=CC=CC=C6C7=CC=CC=C75)N8C9=CC=CC=C9C1=CC=CC=C18)N1C2=CC=CC=C2C2=CC=CC=C21)C#N,4CzIPN (2 mol %),44,"1-s2.0-S2666554920300478-main; Alandini_Angewandte Chemie International Edition_10.1002_anie.202000224; Angew Chem Int Ed - 2019 - Meng - Controllable Isomerization of Alkenes by Dual Visible‐Light‐Cobalt Catalysis; Asymmetric_1,4-functionalization_of_1,3-enynes_via_dual_photoredox_and_chromium_catalysis; Banjare et al. - 2025 - Radical C─H‐Aroylation of Allenes via Cooperative Photoredox and N ‐Heterocyclic Carbene Cata; Baussière and Haugland - 2023 - Radical Group Transfer of Vinyl and Alkynyl Silanes Driven by Photoredox Catalysis; Bhaskar Pal et al. - 2023 - Stereospecific Photoredox‐Catalyzed Vinylations to Functionalized Alkenes and C ‐Glycosides; Bárbara et al. - 2025 - Protecting group-free photocatalyzed O-arylation of quinic acid; Carbene_and_photocatalyst-catalyzed_decarboxylative_radical_coupling_of_carboxylic_acids_and_acyl_imidazoles_to_form_ket; Cardinale et al. - 2020 - Photoredox‐Catalyzed Addition of Carbamoyl Radicals to Olefins A 1,4‐Dihydropyridine Approach; Chemistry A European J - 2022 - Prentice - Multi‐Resonant Thermally Activated Delayed Fluorescent  MR‐TADF  Compounds as; Combining_photoredox_catalysis_and_hydrogen_atom_transfer_for_dearomative_functionalization_of_electron_rich_heteroarene; Cooperative_photoredox_and_N-heterocyclic_carbene-catalyzed_formal_CH_acylation_of_cyclopropanes_iviai_a_deconstructionr; Diastereoselective_and_enantioselective_photoredox_pinacol_coupling_promoted_by_titanium_complexes_with_a_red-absorbing_; Fan et al. - 2023 - PhotoredoxHAT dual-catalyzed carboxylation of benzyl chlorides with CO2 using thiophenolate and for; Photocatalytic_synthesis_of_tetra-substituted_furans_promoted_by_carbon_dioxide; Photoinduced_CoNi-cocatalyzed_Markovnikov_hydroarylation_of_unactivated_olefins_with_aryl_bromides; Photoredox-catalyzed_dicarbofunctionalization_of_styrenes_with_amines_and_COsub2sub_a_convenient_access_to_-amino_acids; Reductive_dearomative_arylcarboxylation_of_indoles_with_CO2_via_visible-light_photoredox_catalysis; Straightforward_synthesis_of_functionalized_-Lactams_using_impure_CO2_stream_as_the_carbon_source; Tertiary_Alcohols_as_Radical_Precursors_for_the_Introduction_of_Tertiary_Substituents_into_Heteroarenes; Transition_metal-free_visible_light_photoredox-catalyzed_remote_Csp3H_borylation_enabled_by_1,5-hydrogen_atom_transfer; Visible_light-mediated_organocatalyzed_1,3-aminoacylation_of_cyclopropane_employing_N-benzoyl_saccharin_as_bifunctional_; ao3c10008; au4c00902; catalysts-13-01007-v2; catalysts-13-01126; cs2c04736; d1ra07314a; d2ra07064b; d3sc04645a; fchem-10-1087834; gg3c00053; ja3c06524; ja4c02474; ja4c05272; jo2c02952; molecules-27-01980-v2; ol3c01795; ol3c02389; ol4c02700; ol5c01129; sc5c11241; shi-et-al-2020-photoinduced-transition-metal-free-alkynylation-of-alkyl-pinacol-boronates"
ZMXDDKWLCZADIW-UHFFFAOYSA-N,CN(C)C=O,"N,N-Dimethylformamide (DMF)",41,"1-s2.0-S2666554920300478-main; Abdiaj - Improving the throughput of batch photochemical reactions using flow Dual photoredox and nickel cat; Access_to_a_new_class_of_synthetic_building_blocks_via_trifluoromethoxylation_of_pyridines_and_pyrimidines; Angew Chem Int Ed - 2019 - Meng - Controllable Isomerization of Alkenes by Dual Visible‐Light‐Cobalt Catalysis; Arylcarboxylation_of_unactivated_alkenes_with_CO2_via_visible-light_photoredox_catalysis; Baussière and Haugland - 2023 - Radical Group Transfer of Vinyl and Alkynyl Silanes Driven by Photoredox Catalysis; Brambilla et al. - 2023 - Synthesis of Indole‐Fused 1,4‐Diazepinones via Photoredox‐Catalyzed Cascade Cyclization Reaction; Bárbara et al. - 2025 - Protecting group-free photocatalyzed O-arylation of quinic acid; CH_functionalization_of_amines_with_aryl_halides_by_nickel-photoredox_catalysis; Catalytic_N-radical_cascade_reaction_of_hydrazones_by_oxidative_deprotonation_electron_transfer_and_TEMPO_mediation; ChromiumCatalyzed_PinacolType_CrossCoupling_Studies_on_Stereoselectivity; Cooperative_photoredox_and_N-heterocyclic_carbene-catalyzed_formal_CH_acylation_of_cyclopropanes_iviai_a_deconstructionr; Diastereoselective_and_enantioselective_photoredox_pinacol_coupling_promoted_by_titanium_complexes_with_a_red-absorbing_; Dual_goldphotoredox-catalyzed_CspH_arylation_of_terminal_alkynes_with_diazonium_salts; Dubois et al. - 2023 - Visible Light Photoredox-Catalyzed Decarboxylative Alkylation of 3-Aryl-Oxetanes and Azetidines via; Dutta et al. - 2021 - Visible light-promoted synthesis of pyrrolidinone derivatives via Rose Bengal as a photoredox; Electrochemical_deoxygenative_trifluoromethylallenylation_of_propargylic_alcohols_iviai_sodium-mediated_pre-association; Electrochemical_selective_hydrocarboxylation_of_acrylamides_with_carbon_dioxide_for_precise_control_of_-_and_-carboxylat; Fan et al. - 2023 - PhotoredoxHAT dual-catalyzed carboxylation of benzyl chlorides with CO2 using thiophenolate and for; Nickel-catalyzed_allylic_defluorinative_alkylation_of_trifluoromethyl_alkenes_with_reductive_decarboxylation_of_redox-ac; Photocatalytic_synthesis_of_tetra-substituted_furans_promoted_by_carbon_dioxide; Photoinduced_CoNi-cocatalyzed_Markovnikov_hydroarylation_of_unactivated_olefins_with_aryl_bromides; Photoredox-catalyzed_dicarbofunctionalization_of_styrenes_with_amines_and_COsub2sub_a_convenient_access_to_-amino_acids; Ptscpiiscp_coordination_complexes_as_visible_light_photocatalysts_for_the_oxidation_of_sulfides_using_batch_and_flow_pro; Reductive_dearomative_arylcarboxylation_of_indoles_with_CO2_via_visible-light_photoredox_catalysis; Straightforward_synthesis_of_functionalized_-Lactams_using_impure_CO2_stream_as_the_carbon_source; Suzuki-type_cross-coupling_of_alkyl_trifluoroborates_with_acid_fluoride_enabled_by_NHCphotoredox_dual_catalysis; Thianthrenium-Enabled_Chromium-Catalyzed_Deuterated_Alkyl_Addition_to_Aldehydes_via_Photoactive_Electron_Donor-Acceptor_; Visible-light-induced_radical_hydrodifluoromethylation_of_alkenes; Visible-light-mediated_Minisci_CH_alkylation_of_heteroarenes_with_unactivated_alkyl_halides_using_Osub2sub_as_an_oxidant; Visible_light-mediated_oxidative_decarboxylation_of_arylacetic_acids_into_benzyl_radicals_addition_to_electron-deficient; au4c00902; catalysts-13-01007-v2; catalysts-13-01126; d2ra07064b; fchem-10-1087834; gg3c00053; jo2c02952; ol3c01795; ol3c02389; ol4c02700"
WYURNTSHIVDZCO-UHFFFAOYSA-N,C1CCOC1,Tetrahydrofuran (THF) (molecular si…,35,"A_chiral_nickel_DBFOX_complex_as_a_bifunctional_catalyst_for_visible-light-promoted_asymmetric_photoredox_reactions; Abdiaj - Improving the throughput of batch photochemical reactions using flow Dual photoredox and nickel cat; Access_to_a_new_class_of_synthetic_building_blocks_via_trifluoromethoxylation_of_pyridines_and_pyrimidines; Alandini_Angewandte Chemie International Edition_10.1002_anie.202000224; Angew Chem Int Ed - 2019 - Meng - Controllable Isomerization of Alkenes by Dual Visible‐Light‐Cobalt Catalysis; Asymmetric_1,4-functionalization_of_1,3-enynes_via_dual_photoredox_and_chromium_catalysis; Baussière and Haugland - 2023 - Radical Group Transfer of Vinyl and Alkynyl Silanes Driven by Photoredox Catalysis; Borate_esters_as_convenient_reagents_for_direct_amidation_of_carboxylic_acids_and_transamidation_of_primary_amides; Bárbara et al. - 2025 - Protecting group-free photocatalyzed O-arylation of quinic acid; Catalytic_N-radical_cascade_reaction_of_hydrazones_by_oxidative_deprotonation_electron_transfer_and_TEMPO_mediation; Catalytic_asymmetric_radical_aminoperfluoroalkylation_and_aminodifluoromethylation_of_alkenes_to_versatile_enantioenrich; ChromiumCatalyzed_PinacolType_CrossCoupling_Studies_on_Stereoselectivity; Copper-catalysed_photoinduced_decarboxylative_alkynylation_a_combined_experimental_and_computational_study; Copper-catalyzed_regio-_and_stereo-selective_hydrosilylation_of_terminal_allenes_to_access_E-allylsilanes; Das et al. - 2018 - Copper catalyzed photoredox synthesis of α-keto esters, quinoxaline, and naphthoquinone controlled; Diastereoselective_and_enantioselective_photoredox_pinacol_coupling_promoted_by_titanium_complexes_with_a_red-absorbing_; Dutta et al. - 2021 - Visible light-promoted synthesis of pyrrolidinone derivatives via Rose Bengal as a photoredox; Lead-Halide_Perovskites_for_Photocatalytic_-Alkylation_of_Aldehydes; NHC_and_visible_light-mediated_photoredox_co-catalyzed_1,4-sulfonylacylation_of_1,3-enynes_for_tetrasubstituted_allenyl_; Nickel-catalyzed_allylic_defluorinative_alkylation_of_trifluoromethyl_alkenes_with_reductive_decarboxylation_of_redox-ac; Nickel-catalyzed_cyclization_of_alkyne-nitriles_with_organoboronic_acids_involving_anti-carbometalation_of_alkynes; Photoactive_electron_donoracceptor_complex_platform_for_Ni-mediated_Cspsup3supCspsup2sup_bond_formation; Photoredox-catalyzed_dicarbofunctionalization_of_styrenes_with_amines_and_COsub2sub_a_convenient_access_to_-amino_acids; Switching_mesoionic_carbene-organocatalysis_from_radical_to_ionic_pathway_through_base-controlled_formation_of_Breslow_i; Thianthrenium-Enabled_Chromium-Catalyzed_Deuterated_Alkyl_Addition_to_Aldehydes_via_Photoactive_Electron_Donor-Acceptor_; Visible_light-mediated_organocatalyzed_1,3-aminoacylation_of_cyclopropane_employing_N-benzoyl_saccharin_as_bifunctional_; Ye et al. - 2023 - Photoredox-enabled remote radical group migration Pathway to 1,7-dicarbonyl compounds from diazoalk; au4c00902; catalysts-13-01007-v2; d2ra07064b; fchem-10-1087834; iOrthoi_CH_arylation_of_arenes_at_room_temperature_using_visible_light_ruthenium_CH_activation; ja4c02474; ol3c02389; shi-et-al-2020-photoinduced-transition-metal-free-alkynylation-of-alkyl-pinacol-boronates"
IAZDPXIOMUYVGZ-UHFFFAOYSA-N,CS(=O)C,Dimethyl sulfoxide (DMSO),30,Abdiaj - Improving the throughput of batch photochemical reactions using flow Dual photoredox and nickel cat; Angew Chem Int Ed - 2019 - Meng - Controllable Isomerization of Alkenes by Dual Visible‐Light‐Cobalt Catalysis; Aryl_radical-mediated_N-heterocyclic_carbene_catalysis; Arylcarboxylation_of_unactivated_alkenes_with_CO2_via_visible-light_photoredox_catalysis; Borate_esters_as_convenient_reagents_for_direct_amidation_of_carboxylic_acids_and_transamidation_of_primary_amides; Boselli et al. - 2025 - Visible‐Light Photoredox Catalytic Direct N ‐(Het)Arylation of Lactams; Bárbara et al. - 2025 - Protecting group-free photocatalyzed O-arylation of quinic acid; Cooperative_photoredox_and_N-heterocyclic_carbene-catalyzed_formal_CH_acylation_of_cyclopropanes_iviai_a_deconstructionr; Direct_CH_difluoromethylation_of_heterocycles_via_organic_photoredox_catalysis; Electrochemical_deoxygenative_trifluoromethylallenylation_of_propargylic_alcohols_iviai_sodium-mediated_pre-association; Electrochemical_selective_hydrocarboxylation_of_acrylamides_with_carbon_dioxide_for_precise_control_of_-_and_-carboxylat; Fan et al. - 2023 - PhotoredoxHAT dual-catalyzed carboxylation of benzyl chlorides with CO2 using thiophenolate and for; Nickel-catalyzed_allylic_defluorinative_alkylation_of_trifluoromethyl_alkenes_with_reductive_decarboxylation_of_redox-ac; Photoactive_electron_donoracceptor_complex_platform_for_Ni-mediated_Cspsup3supCspsup2sup_bond_formation; Photocatalytic_reverse_polarity_Povarov_reaction; Photoredox-catalyzed_dicarbofunctionalization_of_styrenes_with_amines_and_COsub2sub_a_convenient_access_to_-amino_acids; Reductive_dearomative_arylcarboxylation_of_indoles_with_CO2_via_visible-light_photoredox_catalysis; Straightforward_synthesis_of_functionalized_-Lactams_using_impure_CO2_stream_as_the_carbon_source; Switching_mesoionic_carbene-organocatalysis_from_radical_to_ionic_pathway_through_base-controlled_formation_of_Breslow_i; Tertiary_Alcohols_as_Radical_Precursors_for_the_Introduction_of_Tertiary_Substituents_into_Heteroarenes; Tunable_CH_functionalization_and_dearomatization_enabled_by_an_organic_photocatalyst; Visible_light-mediated_oxidative_decarboxylation_of_arylacetic_acids_into_benzyl_radicals_addition_to_electron-deficient; au4c00902; catalysts-13-01126; d2ra07064b; fchem-10-1087834; gg3c00053; ol3c01795; ol4c02700; sc5c11241
FJDQFPXHSGXQBY-UHFFFAOYSA-L,C(=O)([O-])[O-].[Cs+].[Cs+],Cs2CO3 (cesium carbonate),19,"1-s2.0-S2666554920300478-main; Access_to_a_new_class_of_synthetic_building_blocks_via_trifluoromethoxylation_of_pyridines_and_pyrimidines; Aryl_radical-mediated_N-heterocyclic_carbene_catalysis; Arylcarboxylation_of_unactivated_alkenes_with_CO2_via_visible-light_photoredox_catalysis; Banjare et al. - 2025 - Radical C─H‐Aroylation of Allenes via Cooperative Photoredox and N ‐Heterocyclic Carbene Cata; Bárbara et al. - 2025 - Protecting group-free photocatalyzed O-arylation of quinic acid; Cooperative_photoredox_and_N-heterocyclic_carbene-catalyzed_formal_CH_acylation_of_cyclopropanes_iviai_a_deconstructionr; Dubois et al. - 2023 - Visible Light Photoredox-Catalyzed Decarboxylative Alkylation of 3-Aryl-Oxetanes and Azetidines via; NHC_and_visible_light-mediated_photoredox_co-catalyzed_1,4-sulfonylacylation_of_1,3-enynes_for_tetrasubstituted_allenyl_; Photocatalytic_synthesis_of_tetra-substituted_furans_promoted_by_carbon_dioxide; Photodehydrogenation_of_alcohols_catalysed_by_a_single_ruthenium_N-Heterocyclic_carbene_complex; Reductive_dearomative_arylcarboxylation_of_indoles_with_CO2_via_visible-light_photoredox_catalysis; Rutheniumscpiiscp-catalyzed_chemoselective_deacylative_annulation_of_1,3-diones_with_sulfoxonium_ylides_iviai_CC_bond_ac; Selective_single_CF_bond_arylation_of_trifluoromethylalkene_derivatives; Suzuki-type_cross-coupling_of_alkyl_trifluoroborates_with_acid_fluoride_enabled_by_NHCphotoredox_dual_catalysis; Visible_light-mediated_organocatalyzed_1,3-aminoacylation_of_cyclopropane_employing_N-benzoyl_saccharin_as_bifunctional_; au4c00902; fchem-10-1087834; ol4c02700"
OKKJLVBELUTLKV-UHFFFAOYSA-N,CO,Methanol (degassed) concentration,17,"Angew Chem Int Ed - 2019 - Meng - Controllable Isomerization of Alkenes by Dual Visible‐Light‐Cobalt Catalysis; Borate_esters_as_convenient_reagents_for_direct_amidation_of_carboxylic_acids_and_transamidation_of_primary_amides; Bárbara et al. - 2025 - Protecting group-free photocatalyzed O-arylation of quinic acid; Caffeine_as_a_naturally_green_and_biodegradable_catalyst_promoted_convenient_and_expedient_synthetic_route_for_the_synth; Catalytic_N-radical_cascade_reaction_of_hydrazones_by_oxidative_deprotonation_electron_transfer_and_TEMPO_mediation; Das et al. - 2018 - Copper catalyzed photoredox synthesis of α-keto esters, quinoxaline, and naphthoquinone controlled; Direct_CH_difluoromethylation_of_heterocycles_via_organic_photoredox_catalysis; Dual_goldphotoredox-catalyzed_CspH_arylation_of_terminal_alkynes_with_diazonium_salts; Dutta et al. - 2021 - Visible light-promoted synthesis of pyrrolidinone derivatives via Rose Bengal as a photoredox; Photocatalytic_metalorganic_frameworks_for_the_aerobic_oxidation_of_arylboronic_acids; Ptscpiiscp_coordination_complexes_as_visible_light_photocatalysts_for_the_oxidation_of_sulfides_using_batch_and_flow_pro; Visible-light-mediated_Minisci_CH_alkylation_of_heteroarenes_with_unactivated_alkyl_halides_using_Osub2sub_as_an_oxidant; Visible_light-mediated_oxidative_decarboxylation_of_arylacetic_acids_into_benzyl_radicals_addition_to_electron-deficient; Ye et al. - 2023 - Photoredox-enabled remote radical group migration Pathway to 1,7-dicarbonyl compounds from diazoalk; au4c00902; d2ra07064b; ja3c06524"
YXFVVABEGXRONW-UHFFFAOYSA-N,CC1=CC=CC=C1,Toluene,15,"Abdiaj - Improving the throughput of batch photochemical reactions using flow Dual photoredox and nickel cat; Angew Chem Int Ed - 2019 - Meng - Controllable Isomerization of Alkenes by Dual Visible‐Light‐Cobalt Catalysis; Atom-economic_generation_of_gold_carbenes_gold-catalyzed_formal_32_cycloaddition_between_ynamides_and_isoxazoles; Borate_esters_as_convenient_reagents_for_direct_amidation_of_carboxylic_acids_and_transamidation_of_primary_amides; Bárbara et al. - 2025 - Protecting group-free photocatalyzed O-arylation of quinic acid; Das et al. - 2018 - Copper catalyzed photoredox synthesis of α-keto esters, quinoxaline, and naphthoquinone controlled; Diastereoselective_and_enantioselective_photoredox_pinacol_coupling_promoted_by_titanium_complexes_with_a_red-absorbing_; Direct_CH_difluoromethylation_of_heterocycles_via_organic_photoredox_catalysis; Dutta et al. - 2021 - Visible light-promoted synthesis of pyrrolidinone derivatives via Rose Bengal as a photoredox; Nickel-catalyzed_cyclization_of_alkyne-nitriles_with_organoboronic_acids_involving_anti-carbometalation_of_alkynes; Nickel-catalyzed_transamidation_of_aliphatic_amide_derivatives; Ptscpiiscp_coordination_complexes_as_visible_light_photocatalysts_for_the_oxidation_of_sulfides_using_batch_and_flow_pro; Suzuki-type_cross-coupling_of_alkyl_trifluoroborates_with_acid_fluoride_enabled_by_NHCphotoredox_dual_catalysis; catalysts-13-01007-v2; sc5c11241"
NAMED__ch3cn,,CH 3 CN,14,"Access_to_a_new_class_of_synthetic_building_blocks_via_trifluoromethoxylation_of_pyridines_and_pyrimidines; Caffeine_as_a_naturally_green_and_biodegradable_catalyst_promoted_convenient_and_expedient_synthetic_route_for_the_synth; Catalytic_N-radical_cascade_reaction_of_hydrazones_by_oxidative_deprotonation_electron_transfer_and_TEMPO_mediation; Catalytic_intramolecular_aminoarylation_of_unactivated_alkenes_with_aryl_sulfonamides; ChromiumCatalyzed_PinacolType_CrossCoupling_Studies_on_Stereoselectivity; Das et al. - 2018 - Copper catalyzed photoredox synthesis of α-keto esters, quinoxaline, and naphthoquinone controlled; Dutta et al. - 2021 - Visible light-promoted synthesis of pyrrolidinone derivatives via Rose Bengal as a photoredox; Electrochemical_selective_hydrocarboxylation_of_acrylamides_with_carbon_dioxide_for_precise_control_of_-_and_-carboxylat; Switching_mesoionic_carbene-organocatalysis_from_radical_to_ionic_pathway_through_base-controlled_formation_of_Breslow_i; Visible-light-mediated_Minisci_CH_alkylation_of_heteroarenes_with_unactivated_alkyl_halides_using_Osub2sub_as_an_oxidant; Visible_light-mediated_organocatalyzed_1,3-aminoacylation_of_cyclopropane_employing_N-benzoyl_saccharin_as_bifunctional_; d2ra07064b; molecules-27-01980-v2; ol3c02389"
RYHBNJHYFVUHQT-UHFFFAOYSA-N,C1COCCO1,"1,4-Dioxane (molecule sieves, predr…",14,Alandini_Angewandte Chemie International Edition_10.1002_anie.202000224; Angew Chem Int Ed - 2019 - Meng - Controllable Isomerization of Alkenes by Dual Visible‐Light‐Cobalt Catalysis; ChromiumCatalyzed_PinacolType_CrossCoupling_Studies_on_Stereoselectivity; Dubois et al. - 2023 - Visible Light Photoredox-Catalyzed Decarboxylative Alkylation of 3-Aryl-Oxetanes and Azetidines via; Lead-Halide_Perovskites_for_Photocatalytic_-Alkylation_of_Aldehydes; Nickel-catalyzed_allylic_defluorinative_alkylation_of_trifluoromethyl_alkenes_with_reductive_decarboxylation_of_redox-ac; Nickel-catalyzed_cyclization_of_alkyne-nitriles_with_organoboronic_acids_involving_anti-carbometalation_of_alkynes; Photoinduced_CoNi-cocatalyzed_Markovnikov_hydroarylation_of_unactivated_olefins_with_aryl_bromides; Selective_single_CF_bond_arylation_of_trifluoromethylalkene_derivatives; d1ra07314a; iOrthoi_CH_arylation_of_arenes_at_room_temperature_using_visible_light_ruthenium_CH_activation; ja3c06524; ol3c04246; shi-et-al-2020-photoinduced-transition-metal-free-alkynylation-of-alkyl-pinacol-boronates
YMWUJEATGCHHMB-UHFFFAOYSA-N,C(Cl)Cl,Dichloromethane (reaction concentra…,14,"A_general_deoxygenation_approach_for_synthesis_of_ketones_from_aromatic_carboxylic_acids_and_alkenes; Angew Chem Int Ed - 2019 - Meng - Controllable Isomerization of Alkenes by Dual Visible‐Light‐Cobalt Catalysis; Angew Chem Int Ed - 2021 - Amos - Direct Photoexcitation of Ethynylbenziodoxolones  An Alternative to Photocatalysis for; Banjare et al. - 2025 - Radical C─H‐Aroylation of Allenes via Cooperative Photoredox and N ‐Heterocyclic Carbene Cata; Bond_cleavage,_fragment_modification_and_reassembly_in_enantioselective_three-component_reactions; Cardinale et al. - 2020 - Photoredox‐Catalyzed Addition of Carbamoyl Radicals to Olefins A 1,4‐Dihydropyridine Approach; Combining_photoredox_catalysis_and_hydrogen_atom_transfer_for_dearomative_functionalization_of_electron_rich_heteroarene; Goto and Ohmiya - 2025 - Distal C–H functionalization of alkoxyarenes through organic photoredox-catalyzed radical–radical co; Lead-Halide_Perovskites_for_Photocatalytic_-Alkylation_of_Aldehydes; NHC_and_visible_light-mediated_photoredox_co-catalyzed_1,4-sulfonylacylation_of_1,3-enynes_for_tetrasubstituted_allenyl_; Thianthrenium-Enabled_Chromium-Catalyzed_Deuterated_Alkyl_Addition_to_Aldehydes_via_Photoactive_Electron_Donor-Acceptor_; Tunable_CH_functionalization_and_dearomatization_enabled_by_an_organic_photocatalyst; Yin et al. - 2020 - Photoredox Catalytic Trifluoromethylation and Perfluoroalkylation of Arenes Using Trifluoroacetic an; ja4c02474"
FXHOOIRPVKKKFG-UHFFFAOYSA-N,CC(=O)N(C)C,"N,N-dimethylacetamide (DMAc)",12,Abdiaj - Improving the throughput of batch photochemical reactions using flow Dual photoredox and nickel cat; Banerjee et al. - 2022 - Excited‐State Copper Catalysis for the Synthesis of Heterocycles; Boselli et al. - 2025 - Visible‐Light Photoredox Catalytic Direct N ‐(Het)Arylation of Lactams; Bárbara et al. - 2025 - Protecting group-free photocatalyzed O-arylation of quinic acid; Catalytic_direct_hydrocarboxylation_of_styrenes_with_CO2_and_H2; Ni_single_atoms_on_carbon_nitride_for_visible-light-promoted_full_heterogeneous_dual_catalysis; Nickel-catalyzed_allylic_defluorinative_alkylation_of_trifluoromethyl_alkenes_with_reductive_decarboxylation_of_redox-ac; Photoactive_electron_donoracceptor_complex_platform_for_Ni-mediated_Cspsup3supCspsup2sup_bond_formation; Photoinduced_CoNi-cocatalyzed_Markovnikov_hydroarylation_of_unactivated_olefins_with_aryl_bromides; Straightforward_synthesis_of_functionalized_-Lactams_using_impure_CO2_stream_as_the_carbon_source; fchem-10-1087834; gg3c00053
JGFZNNIVVJXRND-UHFFFAOYSA-N,CCN(C(C)C)C(C)C,"DIPEA (N,N-diisopropylethylamine)",12,"Baussière and Haugland - 2023 - Radical Group Transfer of Vinyl and Alkynyl Silanes Driven by Photoredox Catalysis; Photocatalytic_metalorganic_frameworks_for_the_aerobic_oxidation_of_arylboronic_acids; Reductive_dearomative_arylcarboxylation_of_indoles_with_CO2_via_visible-light_photoredox_catalysis; Synthesis_of_a_polyisobutylene-tagged_fac-Irppysub3sub_complex_and_its_application_as_recyclable_visible-light_photocata; Thianthrenium-Enabled_Chromium-Catalyzed_Deuterated_Alkyl_Addition_to_Aldehydes_via_Photoactive_Electron_Donor-Acceptor_; Transition_metal-free_visible_light_photoredox-catalyzed_remote_Csp3H_borylation_enabled_by_1,5-hydrogen_atom_transfer; Tunable_CH_functionalization_and_dearomatization_enabled_by_an_organic_photocatalyst; Ye et al. - 2023 - Photoredox-enabled remote radical group migration Pathway to 1,7-dicarbonyl compounds from diazoalk; fchem-10-1087834; ja4c05272; ol3c04246; sc5c11241"
BWHMMNNQKKPAPP-UHFFFAOYSA-L,C(=O)([O-])[O-].[K+].[K+],K2CO3 (potassium carbonate),12,"Angew Chem Int Ed - 2019 - Meng - Controllable Isomerization of Alkenes by Dual Visible‐Light‐Cobalt Catalysis; Arylcarboxylation_of_unactivated_alkenes_with_CO2_via_visible-light_photoredox_catalysis; Catalytic_asymmetric_radical_aminoperfluoroalkylation_and_aminodifluoromethylation_of_alkenes_to_versatile_enantioenrich; Cooperative_photoredox_and_N-heterocyclic_carbene-catalyzed_formal_CH_acylation_of_cyclopropanes_iviai_a_deconstructionr; Copper-catalysed_photoinduced_decarboxylative_alkynylation_a_combined_experimental_and_computational_study; NHC_and_visible_light-mediated_photoredox_co-catalyzed_1,4-sulfonylacylation_of_1,3-enynes_for_tetrasubstituted_allenyl_; Photodehydrogenation_of_alcohols_catalysed_by_a_single_ruthenium_N-Heterocyclic_carbene_complex; Reductive_dearomative_arylcarboxylation_of_indoles_with_CO2_via_visible-light_photoredox_catalysis; Rutheniumscpiiscp-catalyzed_chemoselective_deacylative_annulation_of_1,3-diones_with_sulfoxonium_ylides_iviai_CC_bond_ac; Selective_single_CF_bond_arylation_of_trifluoromethylalkene_derivatives; Visible-Light-Mediated_Deaminative_Three-Component_Dicarbofunctionalization_of_Styrenes_with_Benzylic_Radicals; fchem-10-1087834"
NAMED__irdfcf3ppy2dtbbpypf6,,[Ir(dF(CF 3 )ppy) 2 (dtbbpy)]PF 6,12,"Banjare et al. - 2025 - Radical C─H‐Aroylation of Allenes via Cooperative Photoredox and N ‐Heterocyclic Carbene Cata; Baussière and Haugland - 2023 - Radical Group Transfer of Vinyl and Alkynyl Silanes Driven by Photoredox Catalysis; CH_functionalization_of_amines_with_aryl_halides_by_nickel-photoredox_catalysis; Carbene_and_photocatalyst-catalyzed_decarboxylative_radical_coupling_of_carboxylic_acids_and_acyl_imidazoles_to_form_ket; Dubois et al. - 2023 - Visible Light Photoredox-Catalyzed Decarboxylative Alkylation of 3-Aryl-Oxetanes and Azetidines via; Fan et al. - 2023 - PhotoredoxHAT dual-catalyzed carboxylation of benzyl chlorides with CO2 using thiophenolate and for; NHC_and_visible_light-mediated_photoredox_co-catalyzed_1,4-sulfonylacylation_of_1,3-enynes_for_tetrasubstituted_allenyl_; Photocatalytic_reverse_polarity_Povarov_reaction; Reductive_dearomative_arylcarboxylation_of_indoles_with_CO2_via_visible-light_photoredox_catalysis; Straightforward_synthesis_of_functionalized_-Lactams_using_impure_CO2_stream_as_the_carbon_source; Visible_light-mediated_organocatalyzed_1,3-aminoacylation_of_cyclopropane_employing_N-benzoyl_saccharin_as_bifunctional_; au4c00902"
ZMANZCXQSJIPKH-UHFFFAOYSA-N,CCN(CC)CC,Et3N (used as reductant),11,"Abdiaj - Improving the throughput of batch photochemical reactions using flow Dual photoredox and nickel cat; Baussière and Haugland - 2023 - Radical Group Transfer of Vinyl and Alkynyl Silanes Driven by Photoredox Catalysis; Copper-catalysed_photoinduced_decarboxylative_alkynylation_a_combined_experimental_and_computational_study; Photoinduced_CoNi-cocatalyzed_Markovnikov_hydroarylation_of_unactivated_olefins_with_aryl_bromides; Reductive_dearomative_arylcarboxylation_of_indoles_with_CO2_via_visible-light_photoredox_catalysis; Thianthrenium-Enabled_Chromium-Catalyzed_Deuterated_Alkyl_Addition_to_Aldehydes_via_Photoactive_Electron_Donor-Acceptor_; Transition_metal-free_visible_light_photoredox-catalyzed_remote_Csp3H_borylation_enabled_by_1,5-hydrogen_atom_transfer; Ye et al. - 2023 - Photoredox-enabled remote radical group migration Pathway to 1,7-dicarbonyl compounds from diazoalk; fchem-10-1087834; ja4c02474; sc5c11241"
WSLDOOZREJYCGB-UHFFFAOYSA-N,C(CCl)Cl,"1,2-Dichloroethane (1,2-DCE)",11,"Atom-economic_generation_of_gold_carbenes_gold-catalyzed_formal_32_cycloaddition_between_ynamides_and_isoxazoles; Becker et al. - 2017 - Cooperative Light‐Activated Iodine and Photoredox Catalysis for the Amination of C−H Bonds; Brambilla et al. - 2023 - Synthesis of Indole‐Fused 1,4‐Diazepinones via Photoredox‐Catalyzed Cascade Cyclization Reaction; Rutheniumscpiiscp-catalyzed_chemoselective_deacylative_annulation_of_1,3-diones_with_sulfoxonium_ylides_iviai_CC_bond_ac; Visible-light-induced_radical_hydrodifluoromethylation_of_alkenes; Visible_light-mediated_organocatalyzed_1,3-aminoacylation_of_cyclopropane_employing_N-benzoyl_saccharin_as_bifunctional_; Ye et al. - 2023 - Photoredox-enabled remote radical group migration Pathway to 1,7-dicarbonyl compounds from diazoalk; Yin et al. - 2020 - Photoredox Catalytic Trifluoromethylation and Perfluoroalkylation of Arenes Using Trifluoroacetic an; catalysts-13-01007-v2; d1ra07314a; molecules-27-01980-v2"
NAMED__none,,(none),11,"A_chiral_nickel_DBFOX_complex_as_a_bifunctional_catalyst_for_visible-light-promoted_asymmetric_photoredox_reactions; Banerjee et al. - 2022 - Excited‐State Copper Catalysis for the Synthesis of Heterocycles; Bhaskar Pal et al. - 2023 - Stereospecific Photoredox‐Catalyzed Vinylations to Functionalized Alkenes and C ‐Glycosides; Catalytic_intramolecular_aminoarylation_of_unactivated_alkenes_with_aryl_sulfonamides; Das et al. - 2018 - Copper catalyzed photoredox synthesis of α-keto esters, quinoxaline, and naphthoquinone controlled; Enantioselective_catalytic_-amination_through_proton-coupled_electron_transfer_followed_by_stereocontrolled_radicalradic; Photocatalytic_metalorganic_frameworks_for_the_aerobic_oxidation_of_arylboronic_acids; Transition_metal-free_visible_light_photoredox-catalyzed_remote_Csp3H_borylation_enabled_by_1,5-hydrogen_atom_transfer; iOrthoi_CH_arylation_of_arenes_at_room_temperature_using_visible_light_ruthenium_CH_activation; ja4c05272; jo2c02952"
XLYOFNOQVPJJNP-UHFFFAOYSA-N,O,(NH4)2C2O4·H2O,10,"Alandini_Angewandte Chemie International Edition_10.1002_anie.202000224; Asymmetric_1,4-functionalization_of_1,3-enynes_via_dual_photoredox_and_chromium_catalysis; Borate_esters_as_convenient_reagents_for_direct_amidation_of_carboxylic_acids_and_transamidation_of_primary_amides; Electrochemical_deoxygenative_trifluoromethylallenylation_of_propargylic_alcohols_iviai_sodium-mediated_pre-association; NN_atropisomer_synthesis_iviai_electrolyte-_and_base-free_electrochemical_cobalt-catalysed_CH_annulation; Nickel-catalyzed_cyclization_of_alkyne-nitriles_with_organoboronic_acids_involving_anti-carbometalation_of_alkynes; Photodehydrogenation_of_alcohols_catalysed_by_a_single_ruthenium_N-Heterocyclic_carbene_complex; iOrthoi_CH_arylation_of_arenes_at_room_temperature_using_visible_light_ruthenium_CH_activation; ja4c05272; ol3c02389"
TXNLQUKVUJITMX-UHFFFAOYSA-N,CC(C)(C)C1=CC(=NC=C1)C2=NC=CC(=C2)C(C)(C)C,"dtbbpy (4,4'-di-tert-butyl-2,2'-bip…",10,Abdiaj - Improving the throughput of batch photochemical reactions using flow Dual photoredox and nickel cat; Bárbara et al. - 2025 - Protecting group-free photocatalyzed O-arylation of quinic acid; CH_functionalization_of_amines_with_aryl_halides_by_nickel-photoredox_catalysis; Calogero et al. - 2022 - A Photoredox Nozaki‐Hiyama Reaction Catalytic in Chromium; NiPhotoredox-Catalyzed_Csp_sup3sup_Csp_sup3sup__Coupling_between_Aziridines_and_Acetals_as_Alcohol-Derived_Alkyl_Radical; Nickel-catalyzed_allylic_defluorinative_alkylation_of_trifluoromethyl_alkenes_with_reductive_decarboxylation_of_redox-ac; Photoinduced_CoNi-cocatalyzed_Markovnikov_hydroarylation_of_unactivated_olefins_with_aryl_bromides; d3sc04645a; gg3c00053; ol3c02389
SEACYXSIPDVVMV-UHFFFAOYSA-L,C1=CC=C(C(=C1)C2=C3C=C(C(=O)C(=C3OC4=C(C(=C(C=C24)Br)[O-])Br)Br)Br)C(=O)[O-].[Na+].[Na+],cat-IV (eosin Y),9,"A_general_deoxygenation_approach_for_synthesis_of_ketones_from_aromatic_carboxylic_acids_and_alkenes; Baussière and Haugland - 2023 - Radical Group Transfer of Vinyl and Alkynyl Silanes Driven by Photoredox Catalysis; Boselli et al. - 2023 - Enantioselective Catalytic Addition of N‐Acyl Radicals In Batch and In Flow Organophotoredox α‐Amin; Catalytic_N-radical_cascade_reaction_of_hydrazones_by_oxidative_deprotonation_electron_transfer_and_TEMPO_mediation; Dual_goldphotoredox-catalyzed_CspH_arylation_of_terminal_alkynes_with_diazonium_salts; Photoinduced_CoNi-cocatalyzed_Markovnikov_hydroarylation_of_unactivated_olefins_with_aryl_bromides; Transition_metal-free_visible_light_photoredox-catalyzed_remote_Csp3H_borylation_enabled_by_1,5-hydrogen_atom_transfer; Visible-light-mediated_Minisci_CH_alkylation_of_heteroarenes_with_unactivated_alkyl_halides_using_Osub2sub_as_an_oxidant; molecules-27-01980-v2"
CSCPPACGZOOCGX-UHFFFAOYSA-N,CC(=O)C,Acetone,9,Abdiaj - Improving the throughput of batch photochemical reactions using flow Dual photoredox and nickel cat; Alandini_Angewandte Chemie International Edition_10.1002_anie.202000224; Bhaskar Pal et al. - 2023 - Stereospecific Photoredox‐Catalyzed Vinylations to Functionalized Alkenes and C ‐Glycosides; Bárbara et al. - 2025 - Protecting group-free photocatalyzed O-arylation of quinic acid; Direct_CH_difluoromethylation_of_heterocycles_via_organic_photoredox_catalysis; Suzuki-type_cross-coupling_of_alkyl_trifluoroborates_with_acid_fluoride_enabled_by_NHCphotoredox_dual_catalysis; Tunable_CH_functionalization_and_dearomatization_enabled_by_an_organic_photocatalyst; Visible-light-mediated_Minisci_CH_alkylation_of_heteroarenes_with_unactivated_alkyl_halides_using_Osub2sub_as_an_oxidant; sc5c11241
LJXTYJXBORAIHX-UHFFFAOYSA-N,CCOC(=O)C1=C(NC(=C(C1)C(=O)OCC)C)C,"Hantzsch ester (1,4-dihydropyridine…",9,Angew Chem Int Ed - 2019 - Meng - Controllable Isomerization of Alkenes by Dual Visible‐Light‐Cobalt Catalysis; Boselli et al. - 2023 - Enantioselective Catalytic Addition of N‐Acyl Radicals In Batch and In Flow Organophotoredox α‐Amin; Photoactive_electron_donoracceptor_complex_platform_for_Ni-mediated_Cspsup3supCspsup2sup_bond_formation; Photocatalytic_reverse_polarity_Povarov_reaction; Photoinduced_CoNi-cocatalyzed_Markovnikov_hydroarylation_of_unactivated_olefins_with_aryl_bromides; Synthesis_of_a_polyisobutylene-tagged_fac-Irppysub3sub_complex_and_its_application_as_recyclable_visible-light_photocata; Thianthrenium-Enabled_Chromium-Catalyzed_Deuterated_Alkyl_Addition_to_Aldehydes_via_Photoactive_Electron_Donor-Acceptor_; Tunable_CH_functionalization_and_dearomatization_enabled_by_an_organic_photocatalyst; Visible-light-induced_radical_hydrodifluoromethylation_of_alkenes
OISVCGZHLKNMSJ-UHFFFAOYSA-N,CC1=NC(=CC=C1)C,DIPEA (diisopropylethylamine) inste…,8,"Abdiaj - Improving the throughput of batch photochemical reactions using flow Dual photoredox and nickel cat; Boselli et al. - 2023 - Enantioselective Catalytic Addition of N‐Acyl Radicals In Batch and In Flow Organophotoredox α‐Amin; Brambilla et al. - 2023 - Synthesis of Indole‐Fused 1,4‐Diazepinones via Photoredox‐Catalyzed Cascade Cyclization Reaction; Combining_photoredox_catalysis_and_hydrogen_atom_transfer_for_dearomative_functionalization_of_electron_rich_heteroarene; Lead-Halide_Perovskites_for_Photocatalytic_-Alkylation_of_Aldehydes; PhosphinePhotoredox_Catalyzed_Anti-Markovnikov_Hydroamination_of_Olefins_with_Primary_Sulfonamides_via_-Scission_from_Ph; Ye et al. - 2023 - Photoredox-enabled remote radical group migration Pathway to 1,7-dicarbonyl compounds from diazoalk; au4c00902"
IMNIMPAHZVJRPE-UHFFFAOYSA-N,C1CN2CCN1CC2,"1,4-Diazabicyclo[2.2.2]octane (DABC…",8,"Fan et al. - 2023 - PhotoredoxHAT dual-catalyzed carboxylation of benzyl chlorides with CO2 using thiophenolate and for; Ni_single_atoms_on_carbon_nitride_for_visible-light-promoted_full_heterogeneous_dual_catalysis; Silverchiral_pyrrolidinopyridine_relay_catalytic_cycloisomerization2  3_cycloadditions_of_enynamides_to_asymmetrically_s; Transition_metal-free_visible_light_photoredox-catalyzed_remote_Csp3H_borylation_enabled_by_1,5-hydrogen_atom_transfer; Ye et al. - 2023 - Photoredox-enabled remote radical group migration Pathway to 1,7-dicarbonyl compounds from diazoalk; fchem-10-1087834; jo3c00895; sc5c11241"
NAMED__dcm,,DCM,7,"Catalytic_asymmetric_radical_aminoperfluoroalkylation_and_aminodifluoromethylation_of_alkenes_to_versatile_enantioenrich; Dutta et al. - 2021 - Visible light-promoted synthesis of pyrrolidinone derivatives via Rose Bengal as a photoredox; Suzuki-type_cross-coupling_of_alkyl_trifluoroborates_with_acid_fluoride_enabled_by_NHCphotoredox_dual_catalysis; Visible-light-induced_radical_hydrodifluoromethylation_of_alkenes; Visible_light-mediated_organocatalyzed_1,3-aminoacylation_of_cyclopropane_employing_N-benzoyl_saccharin_as_bifunctional_; d2ra07064b; fchem-10-1087834"
KLDYQWXVZLHTKT-UHFFFAOYSA-N,C1=CC=NC(=C1)C2=CC=CC=N2.C1=CC=NC(=C1)C2=CC=CC=N2.C1=CC=NC(=C1)C2=CC=CC=N2.F[P-](F)(F)(F)(F)F.F[P-](F)(F)(F)(F)F.[Ru+2],[Ru(bpy) 3 ](PF 6 ) 2,7,"Banerjee et al. - 2022 - Excited‐State Copper Catalysis for the Synthesis of Heterocycles; Brambilla et al. - 2023 - Synthesis of Indole‐Fused 1,4‐Diazepinones via Photoredox‐Catalyzed Cascade Cyclization Reaction; Catalytic_direct_hydrocarboxylation_of_styrenes_with_CO2_and_H2; Dubois et al. - 2023 - Visible Light Photoredox-Catalyzed Decarboxylative Alkylation of 3-Aryl-Oxetanes and Azetidines via; Enantioselective_catalytic_-amination_through_proton-coupled_electron_transfer_followed_by_stereocontrolled_radicalradic; Visible-light-mediated_Minisci_CH_alkylation_of_heteroarenes_with_unactivated_alkyl_halides_using_Osub2sub_as_an_oxidant; Zheng et al. - 2018 - Catalytic C−H Trifluoromethoxylation of Arenes and Heteroarenes"
GKOZUEZYRPOHIO-UHFFFAOYSA-N,[Ir],cat-I ([Ir(dF(CF3)ppy)2(dtbbpy)]PF6…,7,"1-s2.0-S2666554920300478-main; A_general_deoxygenation_approach_for_synthesis_of_ketones_from_aromatic_carboxylic_acids_and_alkenes; Dubois et al. - 2023 - Visible Light Photoredox-Catalyzed Decarboxylative Alkylation of 3-Aryl-Oxetanes and Azetidines via; NHC_and_visible_light-mediated_photoredox_co-catalyzed_1,4-sulfonylacylation_of_1,3-enynes_for_tetrasubstituted_allenyl_; NiPhotoredox-Catalyzed_Csp_sup3sup_Csp_sup3sup__Coupling_between_Aziridines_and_Acetals_as_Alcohol-Derived_Alkyl_Radical; Photocatalytic_reverse_polarity_Povarov_reaction; Tertiary_Alcohols_as_Radical_Precursors_for_the_Introduction_of_Tertiary_Substituents_into_Heteroarenes"
XEKOWRVHYACXOJ-UHFFFAOYSA-N,CCOC(=O)C,Ethyl acetate (EtOAc),7,"Abdiaj - Improving the throughput of batch photochemical reactions using flow Dual photoredox and nickel cat; Alandini_Angewandte Chemie International Edition_10.1002_anie.202000224; Asymmetric_1,4-functionalization_of_1,3-enynes_via_dual_photoredox_and_chromium_catalysis; Bárbara et al. - 2025 - Protecting group-free photocatalyzed O-arylation of quinic acid; Catalytic_asymmetric_radical_aminoperfluoroalkylation_and_aminodifluoromethylation_of_alkenes_to_versatile_enantioenrich; catalysts-13-01007-v2; d2ra07064b"
NAMED__ch2cl2,,CH 2 Cl 2,6,Access_to_a_new_class_of_synthetic_building_blocks_via_trifluoromethoxylation_of_pyridines_and_pyrimidines; Baussière and Haugland - 2023 - Radical Group Transfer of Vinyl and Alkynyl Silanes Driven by Photoredox Catalysis; Bhaskar Pal et al. - 2023 - Stereospecific Photoredox‐Catalyzed Vinylations to Functionalized Alkenes and C ‐Glycosides; Caffeine_as_a_naturally_green_and_biodegradable_catalyst_promoted_convenient_and_expedient_synthetic_route_for_the_synth; Enantioselective_catalytic_-amination_through_proton-coupled_electron_transfer_followed_by_stereocontrolled_radicalradic; Ptscpiiscp_coordination_complexes_as_visible_light_photocatalysts_for_the_oxidation_of_sulfides_using_batch_and_flow_pro
XTHFKEDIFFGKHM-UHFFFAOYSA-N,COCCOC,"Glyme (approx. 1,2-dimethoxyethane)",6,"Angew Chem Int Ed - 2019 - Meng - Controllable Isomerization of Alkenes by Dual Visible‐Light‐Cobalt Catalysis; Asymmetric_1,4-functionalization_of_1,3-enynes_via_dual_photoredox_and_chromium_catalysis; ChromiumCatalyzed_PinacolType_CrossCoupling_Studies_on_Stereoselectivity; Diastereoselective_and_enantioselective_photoredox_pinacol_coupling_promoted_by_titanium_complexes_with_a_red-absorbing_; Nickel-catalyzed_allylic_defluorinative_alkylation_of_trifluoromethyl_alkenes_with_reductive_decarboxylation_of_redox-ac; Thianthrenium-Enabled_Chromium-Catalyzed_Deuterated_Alkyl_Addition_to_Aldehydes_via_Photoactive_Electron_Donor-Acceptor_"
SECXISVLQFMRJM-UHFFFAOYSA-N,CN1CCCC1=O,N-Methyl-2-pyrrolidone (NMP),6,Bárbara et al. - 2025 - Protecting group-free photocatalyzed O-arylation of quinic acid; Electrochemical_selective_hydrocarboxylation_of_acrylamides_with_carbon_dioxide_for_precise_control_of_-_and_-carboxylat; Nickel-catalyzed_allylic_defluorinative_alkylation_of_trifluoromethyl_alkenes_with_reductive_decarboxylation_of_redox-ac; au4c00902; catalysts-13-01007-v2; fchem-10-1087834
LFQSCWFLJHTTHZ-UHFFFAOYSA-N,CCO,Ethanol (EtOH),6,"Caffeine_as_a_naturally_green_and_biodegradable_catalyst_promoted_convenient_and_expedient_synthetic_route_for_the_synth; Dutta et al. - 2021 - Visible light-promoted synthesis of pyrrolidinone derivatives via Rose Bengal as a photoredox; Ptscpiiscp_coordination_complexes_as_visible_light_photocatalysts_for_the_oxidation_of_sulfides_using_batch_and_flow_pro; Ye et al. - 2023 - Photoredox-enabled remote radical group migration Pathway to 1,7-dicarbonyl compounds from diazoalk; d2ra07064b; sc5c11241"
AZJPTIGZZTZIDR-UHFFFAOYSA-L,C1=C2C(=C3C=C(C(=O)C(=C3OC2=C(C(=C1I)[O-])I)I)I)C4=C(C(=C(C(=C4Cl)Cl)Cl)Cl)C(=O)[O-].[K+].[K+],bengal rose,6,Baussière and Haugland - 2023 - Radical Group Transfer of Vinyl and Alkynyl Silanes Driven by Photoredox Catalysis; Dutta et al. - 2021 - Visible light-promoted synthesis of pyrrolidinone derivatives via Rose Bengal as a photoredox; catalysts-13-01007-v2; d1ra07314a; fchem-10-1087834; molecules-27-01980-v2
RIOQSEWOXXDEQQ-UHFFFAOYSA-N,C1=CC=C(C=C1)P(C2=CC=CC=C2)C3=CC=CC=C3,Ph3P (triphenylphosphine),6,A_general_deoxygenation_approach_for_synthesis_of_ketones_from_aromatic_carboxylic_acids_and_alkenes; Angew Chem Int Ed - 2019 - Meng - Controllable Isomerization of Alkenes by Dual Visible‐Light‐Cobalt Catalysis; Copper-catalyzed_regio-_and_stereo-selective_hydrosilylation_of_terminal_allenes_to_access_E-allylsilanes; Nickel-catalyzed_cyclization_of_alkyne-nitriles_with_organoboronic_acids_involving_anti-carbometalation_of_alkynes; PhosphinePhotoredox_Catalyzed_Anti-Markovnikov_Hydroamination_of_Olefins_with_Primary_Sulfonamides_via_-Scission_from_Ph; Silverchiral_pyrrolidinopyridine_relay_catalytic_cycloisomerization2  3_cycloadditions_of_enynamides_to_asymmetrically_s
NAMED__k2co3,,K 2 CO 3,5,"Bhaskar Pal et al. - 2023 - Stereospecific Photoredox‐Catalyzed Vinylations to Functionalized Alkenes and C ‐Glycosides; Brambilla et al. - 2023 - Synthesis of Indole‐Fused 1,4‐Diazepinones via Photoredox‐Catalyzed Cascade Cyclization Reaction; Catalytic_N-radical_cascade_reaction_of_hydrazones_by_oxidative_deprotonation_electron_transfer_and_TEMPO_mediation; Suzuki-type_cross-coupling_of_alkyl_trifluoroborates_with_acid_fluoride_enabled_by_NHCphotoredox_dual_catalysis; ol3c02389"
HUMNYLRZRPPJDN-UHFFFAOYSA-N,O=Cc1ccccc1,benzaldehyde,5,"Aryl_radical-mediated_N-heterocyclic_carbene_catalysis; Dutta et al. - 2021 - Visible light-promoted synthesis of pyrrolidinone derivatives via Rose Bengal as a photoredox; Green_synthesis_of_3,4-disubstituted_isoxazol-54H-one_using_Gluconic_acid_aqueous_solution_as_an_efficient_recyclable_me; NonoxidovanadiumIV_Complex-Catalyzed_Synthesis_of_2-Amino-3-cyano-4iHi-pyrans4iHi-chromenes,_Biscoumarins,_and_Xanthenes; d2ra07064b"
NAMED__facirppy3,,fac -Ir(ppy) 3,5,Baussière and Haugland - 2023 - Radical Group Transfer of Vinyl and Alkynyl Silanes Driven by Photoredox Catalysis; Boselli et al. - 2023 - Enantioselective Catalytic Addition of N‐Acyl Radicals In Batch and In Flow Organophotoredox α‐Amin; Visible-Light-Mediated_Deaminative_Three-Component_Dicarbofunctionalization_of_Styrenes_with_Benzylic_Radicals; molecules-27-01980-v2; ol5c01129
SJFYGUKHUNLZTK-UHFFFAOYSA-L,[Cl-].[Cl-].c1ccc(nc1)-c2ccccn2.c1ccc(nc1)-c2ccccn2.c1ccc(nc1)-c2ccccn2.[Ru+2],Ru(bpy)3Cl2·6H2O,5,"Angiolini_ChemCatChem_10.1002_cctc.202500240; Ptscpiiscp_coordination_complexes_as_visible_light_photocatalysts_for_the_oxidation_of_sulfides_using_batch_and_flow_pro; Reductive_dearomative_arylcarboxylation_of_indoles_with_CO2_via_visible-light_photoredox_catalysis; Ye et al. - 2023 - Photoredox-enabled remote radical group migration Pathway to 1,7-dicarbonyl compounds from diazoalk; Yin et al. - 2020 - Photoredox Catalytic Trifluoromethylation and Perfluoroalkylation of Arenes Using Trifluoroacetic an"
UHOVQNZJYSORNB-UHFFFAOYSA-N,c1ccccc1,benzene,5,"1-s2.0-S2666554920300478-main; Asymmetric_1,4-functionalization_of_1,3-enynes_via_dual_photoredox_and_chromium_catalysis; Diastereoselective_and_enantioselective_photoredox_pinacol_coupling_promoted_by_titanium_complexes_with_a_red-absorbing_; Zheng et al. - 2018 - Catalytic C−H Trifluoromethoxylation of Arenes and Heteroarenes; d1ra07314a"
CDBYLPFSWZWCQE-UHFFFAOYSA-L,C(=O)([O-])[O-].[Na+].[Na+],Na2CO3 (sodium carbonate),5,"Alandini_Angewandte Chemie International Edition_10.1002_anie.202000224; Cooperative_photoredox_and_N-heterocyclic_carbene-catalyzed_formal_CH_acylation_of_cyclopropanes_iviai_a_deconstructionr; Rutheniumscpiiscp-catalyzed_chemoselective_deacylative_annulation_of_1,3-diones_with_sulfoxonium_ylides_iviai_CC_bond_ac; fchem-10-1087834; ol3c04246"
KWYUFKZDYYNOTN-UHFFFAOYSA-M,[OH-].[K+],KOH,5,CH_functionalization_of_amines_with_aryl_halides_by_nickel-photoredox_catalysis; Photodehydrogenation_of_alcohols_catalysed_by_a_single_ruthenium_N-Heterocyclic_carbene_complex; au4c00902; fchem-10-1087834; sc5c11241
VCIVELSSYHAWGC-UHFFFAOYSA-N,CC(C)(C)C1=CC(=NC=C1)C2=NC=CC(=C2)C(C)(C)C.C1=CC=C([C-]=C1)C2=CC=CC=N2.C1=CC=C([C-]=C1)C2=CC=CC=N2.F[P-](F)(F)(F)(F)F.[Ir+3],Photocatalyst PC4 (as listed in sch…,5,"Abdiaj - Improving the throughput of batch photochemical reactions using flow Dual photoredox and nickel cat; PhosphinePhotoredox_Catalyzed_Anti-Markovnikov_Hydroamination_of_Olefins_with_Primary_Sulfonamides_via_-Scission_from_Ph; Straightforward_synthesis_of_functionalized_-Lactams_using_impure_CO2_stream_as_the_carbon_source; Suzuki-type_cross-coupling_of_alkyl_trifluoroborates_with_acid_fluoride_enabled_by_NHCphotoredox_dual_catalysis; Visible_light-mediated_organocatalyzed_1,3-aminoacylation_of_cyclopropane_employing_N-benzoyl_saccharin_as_bifunctional_"
NAMED__,,-----------,5,"Copper-catalyzed_regio-_and_stereo-selective_hydrosilylation_of_terminal_allenes_to_access_E-allylsilanes; Electrochemical_selective_hydrocarboxylation_of_acrylamides_with_carbon_dioxide_for_precise_control_of_-_and_-carboxylat; Green_synthesis_of_3,4-disubstituted_isoxazol-54H-one_using_Gluconic_acid_aqueous_solution_as_an_efficient_recyclable_me; cs2c04736; ol5c01129"
NAMED__chcl3,,CHCl 3,5,Access_to_a_new_class_of_synthetic_building_blocks_via_trifluoromethoxylation_of_pyridines_and_pyrimidines; Caffeine_as_a_naturally_green_and_biodegradable_catalyst_promoted_convenient_and_expedient_synthetic_route_for_the_synth; Catalytic_N-radical_cascade_reaction_of_hydrazones_by_oxidative_deprotonation_electron_transfer_and_TEMPO_mediation; Direct_CH_difluoromethylation_of_heterocycles_via_organic_photoredox_catalysis; Enantioselective_catalytic_-amination_through_proton-coupled_electron_transfer_followed_by_stereocontrolled_radicalradic
IPLJNQFXJUCRNH-UHFFFAOYSA-L,[Ni](Br)Br,NiBr2(dMe-phen),5,NiPhotoredox-Catalyzed_Csp_sup3sup_Csp_sup3sup__Coupling_between_Aziridines_and_Acetals_as_Alcohol-Derived_Alkyl_Radical; Photoactive_electron_donoracceptor_complex_platform_for_Ni-mediated_Cspsup3supCspsup2sup_bond_formation; gg3c00053; jo3c00895; ol3c04246
LWIHDJKSTIGBAC-UHFFFAOYSA-K,[O-]P(=O)([O-])[O-].[K+].[K+].[K+],K3PO4,4,Angiolini_ChemCatChem_10.1002_cctc.202500240; Cooperative_photoredox_and_N-heterocyclic_carbene-catalyzed_formal_CH_acylation_of_cyclopropanes_iviai_a_deconstructionr; au4c00902; cs2c04736
CXNIUSPIQKWYAI-UHFFFAOYSA-N,CC1(C2=C(C(=CC=C2)P(C3=CC=CC=C3)C4=CC=CC=C4)OC5=C1C=CC=C5P(C6=CC=CC=C6)C7=CC=CC=C7)C,Xantphos,4,Angew Chem Int Ed - 2019 - Meng - Controllable Isomerization of Alkenes by Dual Visible‐Light‐Cobalt Catalysis; Banerjee et al. - 2022 - Excited‐State Copper Catalysis for the Synthesis of Heterocycles; Copper-catalyzed_regio-_and_stereo-selective_hydrosilylation_of_terminal_allenes_to_access_E-allylsilanes; Palladium-catalyzed_thiocarbonylation_of_alkenes_toward_branched_thioesters_using_COsub2sub
NAMED__rubpy3cl2,,Ru(bpy) 3 Cl 2,4,Baussière and Haugland - 2023 - Radical Group Transfer of Vinyl and Alkynyl Silanes Driven by Photoredox Catalysis; Photocatalytic_metalorganic_frameworks_for_the_aerobic_oxidation_of_arylboronic_acids; iOrthoi_CH_arylation_of_arenes_at_room_temperature_using_visible_light_ruthenium_CH_activation; ol5c01129
NAMED__irdtbbpyppy2pf6,,[Ir(dtbbpy)(ppy) 2 ](PF 6 ),4,Baussière and Haugland - 2023 - Radical Group Transfer of Vinyl and Alkynyl Silanes Driven by Photoredox Catalysis; Carbene_and_photocatalyst-catalyzed_decarboxylative_radical_coupling_of_carboxylic_acids_and_acyl_imidazoles_to_form_ket; Fan et al. - 2023 - PhotoredoxHAT dual-catalyzed carboxylation of benzyl chlorides with CO2 using thiophenolate and for; Visible-Light-Mediated_Deaminative_Three-Component_Dicarbofunctionalization_of_Styrenes_with_Benzylic_Radicals
OCMNCWNTDDVHFK-UHFFFAOYSA-L,COCCOC.Cl[Ni]Cl,NiCl2 · glyme,4,Abdiaj - Improving the throughput of batch photochemical reactions using flow Dual photoredox and nickel cat; Alandini_Angewandte Chemie International Edition_10.1002_anie.202000224; CH_functionalization_of_amines_with_aryl_halides_by_nickel-photoredox_catalysis; ol3c02389
NAMED__cs2co3,,Cs2CO3,4,Abdiaj - Improving the throughput of batch photochemical reactions using flow Dual photoredox and nickel cat; Carbene_and_photocatalyst-catalyzed_decarboxylative_radical_coupling_of_carboxylic_acids_and_acyl_imidazoles_to_form_ket; Suzuki-type_cross-coupling_of_alkyl_trifluoroborates_with_acid_fluoride_enabled_by_NHCphotoredox_dual_catalysis; ol3c02389
ROFVEXUMMXZLPA-UHFFFAOYSA-N,C1=CC=NC(=C1)C2=CC=CC=N2,"bpy (2,2'-bipyridine)",4,Bárbara et al. - 2025 - Protecting group-free photocatalyzed O-arylation of quinic acid; Calogero et al. - 2022 - A Photoredox Nozaki‐Hiyama Reaction Catalytic in Chromium; catalysts-13-01126; gg3c00053
GCGRXVMGBHYMDA-UHFFFAOYSA-N,C1=CC=C(C=C1)N(C2=CC=CC=C2)C3=C(C(=C(C(=C3C#N)N(C4=CC=CC=C4)C5=CC=CC=C5)F)N(C6=CC=CC=C6)C7=CC=CC=C7)C#N,PC2 (3DPAFIPN),4,Bárbara et al. - 2025 - Protecting group-free photocatalyzed O-arylation of quinic acid; Calogero et al. - 2022 - A Photoredox Nozaki‐Hiyama Reaction Catalytic in Chromium; Diastereoselective_and_enantioselective_photoredox_pinacol_coupling_promoted_by_titanium_complexes_with_a_red-absorbing_; catalysts-13-01126
PAYRUJLWNCNPSJ-UHFFFAOYSA-N,Nc1ccccc1,"aniline (N,N-dimethyl-4-methylanili…",4,Caffeine_as_a_naturally_green_and_biodegradable_catalyst_promoted_convenient_and_expedient_synthetic_route_for_the_synth; Direct_sulfonylation_of_anilines_mediated_by_visible_light; Dutta et al. - 2021 - Visible light-promoted synthesis of pyrrolidinone derivatives via Rose Bengal as a photoredox; Zheng et al. - 2018 - Catalytic C−H Trifluoromethoxylation of Arenes and Heteroarenes
PXYCJKZSCDFXLR-UHFFFAOYSA-N,C1=CC(=CC=C1C(F)(F)F)P(C2=CC=C(C=C2)C(F)(F)F)C3=CC=C(C=C3)C(F)(F)F,P(4-CF3C6H4)3,4,Catalytic_direct_hydrocarboxylation_of_styrenes_with_CO2_and_H2; Nickel-catalyzed_cyclization_of_alkyne-nitriles_with_organoboronic_acids_involving_anti-carbometalation_of_alkynes; PhosphinePhotoredox_Catalyzed_Anti-Markovnikov_Hydroamination_of_Olefins_with_Primary_Sulfonamides_via_-Scission_from_Ph; Selective_single_CF_bond_arylation_of_trifluoromethylalkene_derivatives
QYTDEUPAUMOIOP-UHFFFAOYSA-N,CC1(CCCC(N1[O])(C)C)C,1 eq. TEMPO,4,A_chiral_nickel_DBFOX_complex_as_a_bifunctional_catalyst_for_visible-light-promoted_asymmetric_photoredox_reactions; Catalytic_N-radical_cascade_reaction_of_hydrazones_by_oxidative_deprotonation_electron_transfer_and_TEMPO_mediation; Ni_single_atoms_on_carbon_nitride_for_visible-light-promoted_full_heterogeneous_dual_catalysis; Yin et al. - 2020 - Photoredox Catalytic Trifluoromethylation and Perfluoroalkylation of Arenes Using Trifluoroacetic an
YGCZTXZTJXYWCO-UHFFFAOYSA-N,O=CCCc1ccccc1,3-phenylpropionaldehyde,4,Boselli et al. - 2023 - Enantioselective Catalytic Addition of N‐Acyl Radicals In Batch and In Flow Organophotoredox α‐Amin; Calogero et al. - 2022 - A Photoredox Nozaki‐Hiyama Reaction Catalytic in Chromium; ChromiumCatalyzed_PinacolType_CrossCoupling_Studies_on_Stereoselectivity; Thianthrenium-Enabled_Chromium-Catalyzed_Deuterated_Alkyl_Addition_to_Aldehydes_via_Photoactive_Electron_Donor-Acceptor_
GQHTUMJGOHRCHB-UHFFFAOYSA-N,C1CCC2=NCCCN2CC1,DBU,4,"Dubois et al. - 2023 - Visible Light Photoredox-Catalyzed Decarboxylative Alkylation of 3-Aryl-Oxetanes and Azetidines via; Suzuki-type_cross-coupling_of_alkyl_trifluoroborates_with_acid_fluoride_enabled_by_NHCphotoredox_dual_catalysis; Ye et al. - 2023 - Photoredox-enabled remote radical group migration Pathway to 1,7-dicarbonyl compounds from diazoalk; sc5c11241"
NAMED__h2o,,H 2 O,4,Caffeine_as_a_naturally_green_and_biodegradable_catalyst_promoted_convenient_and_expedient_synthetic_route_for_the_synth; Dutta et al. - 2021 - Visible light-promoted synthesis of pyrrolidinone derivatives via Rose Bengal as a photoredox; d2ra07064b; fchem-10-1087834
NAMED__irppy2dtbbpypf6,,[Ir(ppy) 2 (dtbbpy)]PF 6,3,"Carbene_and_photocatalyst-catalyzed_decarboxylative_radical_coupling_of_carboxylic_acids_and_acyl_imidazoles_to_form_ket; Dual_goldphotoredox-catalyzed_CspH_arylation_of_terminal_alkynes_with_diazonium_salts; NHC_and_visible_light-mediated_photoredox_co-catalyzed_1,4-sulfonylacylation_of_1,3-enynes_for_tetrasubstituted_allenyl_"
BMGNSKKZFQMGDH-FDGPNNRMSA-L,C/C(=C/C(=O)C)/[O-].C/C(=C/C(=O)C)/[O-].[Ni+2],Ni(acac)2·2H2O,3,Copper-catalysed_photoinduced_decarboxylative_alkynylation_a_combined_experimental_and_computational_study; Nickel-catalyzed_cyclization_of_alkyne-nitriles_with_organoboronic_acids_involving_anti-carbometalation_of_alkynes; ol3c04246
JRTIUDXYIUKIIE-KZUMESAESA-N,C1/C=C\CC/C=C\C1.C1/C=C\CC/C=C\C1.[Ni],Ni(COD)2,3,NiPhotoredox-Catalyzed_Csp_sup3sup_Csp_sup3sup__Coupling_between_Aziridines_and_Acetals_as_Alcohol-Derived_Alkyl_Radical; Nickel-catalyzed_cyclization_of_alkyne-nitriles_with_organoboronic_acids_involving_anti-carbometalation_of_alkynes; Nickel-catalyzed_transamidation_of_aliphatic_amide_derivatives
QMMRZOWCJAIUJA-UHFFFAOYSA-L,Cl[Ni]Cl,NiCl2·6H2O,3,Ni_single_atoms_on_carbon_nitride_for_visible-light-promoted_full_heterogeneous_dual_catalysis; d3sc04645a; ol3c04246
VQYPWMWEJGDSTF-UHFFFAOYSA-N,[B-](F)(F)(F)F.C1=CC=C(C=C1)C2=CC(=[O+]C(=C2)C3=CC=CC=C3)C4=CC=CC=C4,TPT,3,Becker et al. - 2017 - Cooperative Light‐Activated Iodine and Photoredox Catalysis for the Amination of C−H Bonds; Combining_photoredox_catalysis_and_hydrogen_atom_transfer_for_dearomative_functionalization_of_electron_rich_heteroarene; Direct_sulfonylation_of_anilines_mediated_by_visible_light
XAARDWSLAZLSJR-UHFFFAOYSA-N,C1=CC=CC=2C3=CC=CC=C3N(C12)C1=C(C(=C(C(=C1C#N)N1C2=CC=CC=C2C=2C=CC=CC12)N1C2=CC=CC=C2C=2C=CC=CC12)N1C2=CC=CC=C2C=2C=CC=CC12)N1C2=CC=CC=C2C=2C=CC=CC12,PC1 (5CzBn),3,Bhaskar Pal et al. - 2023 - Stereospecific Photoredox‐Catalyzed Vinylations to Functionalized Alkenes and C ‐Glycosides; Calogero et al. - 2022 - A Photoredox Nozaki‐Hiyama Reaction Catalytic in Chromium; Diastereoselective_and_enantioselective_photoredox_pinacol_coupling_promoted_by_titanium_complexes_with_a_red-absorbing_
USHAGKDGDHPEEY-UHFFFAOYSA-L,[O-]S(=O)(=O)OOS(=O)(=O)[O-].[K+].[K+],K2S2O8,3,Direct_sulfonylation_of_anilines_mediated_by_visible_light; ao3c10008; ol3c04246
DGEZNRSVGBDHLK-UHFFFAOYSA-N,C1=CC2=C(C3=C(C=CC=N3)C=C2)N=C1,"1,10-phenanthroline",3,Bárbara et al. - 2025 - Protecting group-free photocatalyzed O-arylation of quinic acid; gg3c00053; ol3c04246
SBYHFKPVCBCYGV-UHFFFAOYSA-N,C1CN2CCC1CC2,Quinuclidine,3,Baussière and Haugland - 2023 - Radical Group Transfer of Vinyl and Alkynyl Silanes Driven by Photoredox Catalysis; Ni_single_atoms_on_carbon_nitride_for_visible-light-promoted_full_heterogeneous_dual_catalysis; Photoredox-catalyzed_dicarbofunctionalization_of_styrenes_with_amines_and_COsub2sub_a_convenient_access_to_-amino_acids
WLPUWLXVBWGYMZ-UHFFFAOYSA-N,C1CCC(CC1)P(C2CCCCC2)C3CCCCC3,PCy 3,3,Nickel-catalyzed_cyclization_of_alkyne-nitriles_with_organoboronic_acids_involving_anti-carbometalation_of_alkynes; Palladium-catalyzed_thiocarbonylation_of_alkenes_toward_branched_thioesters_using_COsub2sub; PhosphinePhotoredox_Catalyzed_Anti-Markovnikov_Hydroamination_of_Olefins_with_Primary_Sulfonamides_via_-Scission_from_Ph
OXBLHERUFWYNTN-UHFFFAOYSA-M,[Cu]Cl,Cu(IPr)Cl,3,Banerjee et al. - 2022 - Excited‐State Copper Catalysis for the Synthesis of Heterocycles; Catalytic_asymmetric_radical_aminoperfluoroalkylation_and_aminodifluoromethylation_of_alkenes_to_versatile_enantioenrich; Copper-catalysed_photoinduced_decarboxylative_alkynylation_a_combined_experimental_and_computational_study
VEXZGXHMUGYJMC-UHFFFAOYSA-N,Cl,then 2 N HCl,3,Arylcarboxylation_of_unactivated_alkenes_with_CO2_via_visible-light_photoredox_catalysis; Reductive_dearomative_arylcarboxylation_of_indoles_with_CO2_via_visible-light_photoredox_catalysis; Tertiary_Alcohols_as_Radical_Precursors_for_the_Introduction_of_Tertiary_Substituents_into_Heteroarenes
NAMED__dmc,,DMC,3,fchem-10-1087834; ol3c02389; sc5c11241
CZNGTXVOZOWWKM-UHFFFAOYSA-N,COC(=O)c1ccc(Br)cc1,C8H7BrO2,3,Abdiaj - Improving the throughput of batch photochemical reactions using flow Dual photoredox and nickel cat; Photoinduced_CoNi-cocatalyzed_Markovnikov_hydroarylation_of_unactivated_olefins_with_aryl_bromides; gg3c00053
KTQRXOPFEMREQO-UHFFFAOYSA-N,CC(C)(C)C1=CC=NC(=C1)C2=C(C=C(C=N2)C(C)(C)C)[Ir+]34(C5=C(C=C(F)C=C5C(F)(F)F)C6=NC=CC=C63)(C7=C(C=C(F)C=C7C(F)(F)F)C8=NC=CC=C84).F[P-](F)(F)(F)(F)F,(Ir[dF(CF 3 )ppy] 2 (dtbbpy))PF 6 c,3,Abdiaj - Improving the throughput of batch photochemical reactions using flow Dual photoredox and nickel cat; Angiolini_ChemCatChem_10.1002_cctc.202500240; Bárbara et al. - 2025 - Protecting group-free photocatalyzed O-arylation of quinic acid
PBGVMIDTGGTBFS-UHFFFAOYSA-N,C=CCCc1ccccc1,C10H12,3,Angew Chem Int Ed - 2019 - Meng - Controllable Isomerization of Alkenes by Dual Visible‐Light‐Cobalt Catalysis; Visible-light-induced_radical_hydrodifluoromethylation_of_alkenes; catalysts-13-01126
KUSMTNSIMOXCEC-UHFFFAOYSA-N,C1=CC=C(C(=C1)C2=CC=CC=N2)[Ir](C3=CC=CC=N3)(C4=CC=CC=N4)C5=CC=CC=C5.C6=CC=CC=C6.C7=CC=CC=C7,Ir(ppy)3,3,"Ptscpiiscp_coordination_complexes_as_visible_light_photocatalysts_for_the_oxidation_of_sulfides_using_batch_and_flow_pro; Transition_metal-free_visible_light_photoredox-catalyzed_remote_Csp3H_borylation_enabled_by_1,5-hydrogen_atom_transfer; ol3c01795"
JAZWLEYGTKXZCJ-UHFFFAOYSA-N,C1=CC=C([C-]=C1)C2=CC=CC=N2.C1=CC=C([C-]=C1)C2=CC=CC=N2.C1=CC=C([C-]=C1)C2=CC=CC=N2.[Ir],fac-[Ir(ppy)3],3,"Arai et al. - 2016 - Oxydifluoromethylation of Alkenes by Photoredox Catalysis Simple Synthesis of CF2 H‐Cont; Boselli et al. - 2025 - Visible‐Light Photoredox Catalytic Direct N ‐(Het)Arylation of Lactams; Brambilla et al. - 2023 - Synthesis of Indole‐Fused 1,4‐Diazepinones via Photoredox‐Catalyzed Cascade Cyclization Reaction"
CAKMROUTAVPFAR-UHFFFAOYSA-N,C1=CC=C(C(=C1)C2=CC=CC=N2)[Ir](C3=CC=CC=N3)(C4=CC=CC=N4)(C5=CC=CC=C5)C6=CC=CC=C6,Ir-1 (fac-Ir(ppy)3),3,"Arylcarboxylation_of_unactivated_alkenes_with_CO2_via_visible-light_photoredox_catalysis; NHC_and_visible_light-mediated_photoredox_co-catalyzed_1,4-sulfonylacylation_of_1,3-enynes_for_tetrasubstituted_allenyl_; Photoredox-catalyzed_dicarbofunctionalization_of_styrenes_with_amines_and_COsub2sub_a_convenient_access_to_-amino_acids"
IMEVSAIFJKKDAP-UHFFFAOYSA-N,COC1=CC(=NC=C1)C2=NC=CC(=C2)OC,"4,4'-dMeObpy (4,4'-dimethoxy-2,2'-b…",3,Alandini_Angewandte Chemie International Edition_10.1002_anie.202000224; Bárbara et al. - 2025 - Protecting group-free photocatalyzed O-arylation of quinic acid; Calogero et al. - 2022 - A Photoredox Nozaki‐Hiyama Reaction Catalytic in Chromium
<mismatch>,<mismatch>,Photocatalyst PC1 (as listed in sch…,3,Arylcarboxylation_of_unactivated_alkenes_with_CO2_via_visible-light_photoredox_catalysis; Suzuki-type_cross-coupling_of_alkyl_trifluoroborates_with_acid_fluoride_enabled_by_NHCphotoredox_dual_catalysis; gg3c00053
HXITXNWTGFUOAU-UHFFFAOYSA-N,OB(O)c1ccccc1,phenylboronic acid,3,Nickel-catalyzed_cyclization_of_alkyne-nitriles_with_organoboronic_acids_involving_anti-carbometalation_of_alkynes; Photocatalytic_metalorganic_frameworks_for_the_aerobic_oxidation_of_arylboronic_acids; Selective_single_CF_bond_arylation_of_trifluoromethylalkene_derivatives
BIOPPFDHKHWJIA-UHFFFAOYSA-N,C1=CC=C2C(=C1)C(=C3C=CC=CC3=C2C#N)C#N,"DCA (9,10-dicyanoanthracene)",3,Combining_photoredox_catalysis_and_hydrogen_atom_transfer_for_dearomative_functionalization_of_electron_rich_heteroarene; Direct_CH_difluoromethylation_of_heterocycles_via_organic_photoredox_catalysis; Visible_light-mediated_oxidative_decarboxylation_of_arylacetic_acids_into_benzyl_radicals_addition_to_electron-deficient
PPBRXRYQALVLMV-UHFFFAOYSA-N,C=Cc1ccccc1,C8H8,2,Palladium-catalyzed_thiocarbonylation_of_alkenes_toward_branched_thioesters_using_COsub2sub; cs2c04736
QMABMHJGSFUTPF-UHFFFAOYSA-N,CC(C)(C)C1=CC(=NC=C1)C2=CC(=CC(=N2)C3=NC=CC(=C3)C(C)(C)C)C(C)(C)C,tBu3-TERPY,2,Copper-catalysed_photoinduced_decarboxylative_alkynylation_a_combined_experimental_and_computational_study; Nickel-catalyzed_allylic_defluorinative_alkylation_of_trifluoromethyl_alkenes_with_reductive_decarboxylation_of_redox-ac
CDVAIHNNWWJFJW-UHFFFAOYSA-N,CC1=C(C(C(=C(N1)C)C(=O)OCC)C)C(=O)OCC,C14H21NO4,2,Diastereoselective_and_enantioselective_photoredox_pinacol_coupling_promoted_by_titanium_complexes_with_a_red-absorbing_; Photoactive_electron_donoracceptor_complex_platform_for_Ni-mediated_Cspsup3supCspsup2sup_bond_formation
DTQVDTLACAAQTR-UHFFFAOYSA-N,C(=O)(C(F)(F)F)O,TFA,2,Visible-light-mediated_Minisci_CH_alkylation_of_heteroarenes_with_unactivated_alkyl_halides_using_Osub2sub_as_an_oxidant; Yin et al. - 2020 - Photoredox Catalytic Trifluoromethylation and Perfluoroalkylation of Arenes Using Trifluoroacetic an
MVPPADPHJFYWMZ-UHFFFAOYSA-N,C1=CC=C(C=C1)Cl,PhCl,2,catalysts-13-01007-v2; molecules-27-01980-v2
KWYHDKDOAIKMQN-UHFFFAOYSA-N,CN(C)CCN(C)C,"N,N,N',N'-Tetramethylethylenediamin…",2,catalysts-13-01126; fchem-10-1087834
GWPUNVSVEJLECO-UHFFFAOYSA-N,C1=CC=NC(=C1)C2=CC=CC=N2.C1=CC=NC(=C1)C2=CC=CC=N2.C1=CC=NC(=C1)C2=CC=CC=N2.F[B-](F)(F)F.F[B-](F)(F)F.[Ru+2],[Ru(bpy)3][BF4]2,2,"NHC_and_visible_light-mediated_photoredox_co-catalyzed_1,4-sulfonylacylation_of_1,3-enynes_for_tetrasubstituted_allenyl_; Visible_light-mediated_oxidative_decarboxylation_of_arylacetic_acids_into_benzyl_radicals_addition_to_electron-deficient"
NAMED__csf,,CsF,2,Nickel-catalyzed_cyclization_of_alkyne-nitriles_with_organoboronic_acids_involving_anti-carbometalation_of_alkynes; ja4c02474
OPQARKPSCNTWTJ-UHFFFAOYSA-L,CC(=O)[O-].CC(=O)[O-].[Cu+2],Cu(OAc)2,2,Copper-catalyzed_regio-_and_stereo-selective_hydrosilylation_of_terminal_allenes_to_access_E-allylsilanes; ao3c10008
VDCSGNNYCFPWFK-UHFFFAOYSA-N,c1ccc([SiH2]c2ccccc2)cc1,diphenylsilane (Ph2SiH2),2,Copper-catalyzed_regio-_and_stereo-selective_hydrosilylation_of_terminal_allenes_to_access_E-allylsilanes; Visible-light-induced_radical_hydrodifluoromethylation_of_alkenes
ONQBUHWENXKHHP-UHFFFAOYSA-N,c1ccc(N2CCc3ccccc3C2)cc1,C15H15N,2,"No_photocatalyst_required__versatile,_visible_light_mediated_transformations_with_polyhalomethanes; Zhao et al. - 2014 - Dicyanopyrazine-derived push–pull chromophores for highly efficient photoredox catalysis"
MUDSDYNRBDKLGK-UHFFFAOYSA-N,Cc1ccnc2ccccc12,C10H9N,2,Tertiary_Alcohols_as_Radical_Precursors_for_the_Introduction_of_Tertiary_Substituents_into_Heteroarenes; Visible-light-mediated_Minisci_CH_alkylation_of_heteroarenes_with_unactivated_alkyl_halides_using_Osub2sub_as_an_oxidant
NAMED__ar,,Ar,2,Copper-catalysed_photoinduced_decarboxylative_alkynylation_a_combined_experimental_and_computational_study; jo3c00895
NAMED__irdfcf3ppy2bpypf6,,[Ir(dFCF3ppy)2(bpy)]PF6,2,ja4c02474; ol3c04246
NAMED__ir,,[Ir],2,ja4c05272; ol3c02389
KSZVOXHGCKKOLL-UHFFFAOYSA-N,C#Cc1ccc(C)cc1,C9H8,2,Copper-catalysed_photoinduced_decarboxylative_alkynylation_a_combined_experimental_and_computational_study; Dual_goldphotoredox-catalyzed_CspH_arylation_of_terminal_alkynes_with_diazonium_salts
VXTXIRMTGIZWEI-UHFFFAOYSA-N,O=C(ON1C(=O)c2ccccc2C1=O)C1CCCCC1,NHP ester,2,Copper-catalysed_photoinduced_decarboxylative_alkynylation_a_combined_experimental_and_computational_study; Nickel-catalyzed_allylic_defluorinative_alkylation_of_trifluoromethyl_alkenes_with_reductive_decarboxylation_of_redox-ac
WCUXLLCKKVVCTQ-UHFFFAOYSA-M,[Cl-].[K+],KCl instead of LiCl,2,Cooperative_photoredox_and_N-heterocyclic_carbene-catalyzed_formal_CH_acylation_of_cyclopropanes_iviai_a_deconstructionr; Photoredox-catalyzed_dicarbofunctionalization_of_styrenes_with_amines_and_COsub2sub_a_convenient_access_to_-amino_acids
OYPPRNFDAGPGBZ-UHFFFAOYSA-N,COc1ccc(C2CC2)cc1,C10H12O,2,"Cooperative_photoredox_and_N-heterocyclic_carbene-catalyzed_formal_CH_acylation_of_cyclopropanes_iviai_a_deconstructionr; Visible_light-mediated_organocatalyzed_1,3-aminoacylation_of_cyclopropane_employing_N-benzoyl_saccharin_as_bifunctional_"
KWGKDLIKAYFUFQ-UHFFFAOYSA-M,[Li+].[Cl-],LiCl (2 equiv. instead of 4 equiv.),2,Cooperative_photoredox_and_N-heterocyclic_carbene-catalyzed_formal_CH_acylation_of_cyclopropanes_iviai_a_deconstructionr; Photoredox-catalyzed_dicarbofunctionalization_of_styrenes_with_amines_and_COsub2sub_a_convenient_access_to_-amino_acids
GETTZEONDQJALK-UHFFFAOYSA-N,C1=CC=C(C=C1)C(F)(F)F,Trifluorotoluene (PhCF3),2,Diastereoselective_and_enantioselective_photoredox_pinacol_coupling_promoted_by_titanium_complexes_with_a_red-absorbing_; PhosphinePhotoredox_Catalyzed_Anti-Markovnikov_Hydroamination_of_Olefins_with_Primary_Sulfonamides_via_-Scission_from_Ph
CXKWCBBOMKCUKX-UHFFFAOYSA-M,CN(C)C1=CC2=C(C=C1)N=C3C=CC(=[N+](C)C)C=C3S2.[Cl-],C16H18ClN3S,2,Diastereoselective_and_enantioselective_photoredox_pinacol_coupling_promoted_by_titanium_complexes_with_a_red-absorbing_; Direct_CH_difluoromethylation_of_heterocycles_via_organic_photoredox_catalysis
AQRLNPVMDITEJU-UHFFFAOYSA-N,CC[SiH](CC)CC,triethylsilane (Et3SiH),2,Palladium-catalyzed_thiocarbonylation_of_alkenes_toward_branched_thioesters_using_COsub2sub; Visible-light-induced_radical_hydrodifluoromethylation_of_alkenes
LAXRNWSASWOFOT-UHFFFAOYSA-J,CC1=CC=C(C=C1)C(C)C.CC1=CC=C(C=C1)C(C)C.Cl[Ru]Cl.Cl[Ru]Cl,[RuCl2(p-cymene)]2,2,"Rutheniumscpiiscp-catalyzed_chemoselective_deacylative_annulation_of_1,3-diones_with_sulfoxonium_ylides_iviai_CC_bond_ac; ao3c10008"
XYIBRDXRRQCHLP-UHFFFAOYSA-N,CCOC(=O)CC(C)=O,ethyl acetoacetate,2,"Green_synthesis_of_3,4-disubstituted_isoxazol-54H-one_using_Gluconic_acid_aqueous_solution_as_an_efficient_recyclable_me; d2ra07064b"
NAMED__co21atm,,CO2 (1 atm),2,Photocatalytic_synthesis_of_tetra-substituted_furans_promoted_by_carbon_dioxide; Photoredox-catalyzed_dicarbofunctionalization_of_styrenes_with_amines_and_COsub2sub_a_convenient_access_to_-amino_acids
HLBBKKJFGFRGMU-UHFFFAOYSA-M,C(=O)[O-].[Na+],HCO2Na,2,Fan et al. - 2023 - PhotoredoxHAT dual-catalyzed carboxylation of benzyl chlorides with CO2 using thiophenolate and for; jo3c00895
FAPWRFPIFSIZLT-UHFFFAOYSA-M,[Na+].[Cl-],sodium chloride,2,Photoredox-catalyzed_dicarbofunctionalization_of_styrenes_with_amines_and_COsub2sub_a_convenient_access_to_-amino_acids; Visible-Light-Mediated_Deaminative_Three-Component_Dicarbofunctionalization_of_Styrenes_with_Benzylic_Radicals
LGCYBCHJTSUDRE-UHFFFAOYSA-N,C=C(C)C(=O)N(C)c1ccccc1,C11H13NO,2,Electrochemical_selective_hydrocarboxylation_of_acrylamides_with_carbon_dioxide_for_precise_control_of_-_and_-carboxylat; catalysts-13-01007-v2
IPWKHHSGDUIRAH-UHFFFAOYSA-N,B1(OC(C(O1)(C)C)(C)C)B2OC(C(O2)(C)C)(C)C,TBAPF6 (supporting electrolyte),2,Electrochemical_deoxygenative_trifluoromethylallenylation_of_propargylic_alcohols_iviai_sodium-mediated_pre-association; Nickel-catalyzed_allylic_defluorinative_alkylation_of_trifluoromethyl_alkenes_with_reductive_decarboxylation_of_redox-ac
RMVRSNDYEFQCLF-UHFFFAOYSA-N,C1=CC=C(C=C1)S,PhSH,2,Combining_photoredox_catalysis_and_hydrogen_atom_transfer_for_dearomative_functionalization_of_electron_rich_heteroarene; Fan et al. - 2023 - PhotoredoxHAT dual-catalyzed carboxylation of benzyl chlorides with CO2 using thiophenolate and for
PBCJIPOGFJYBJE-UHFFFAOYSA-N,CC#N.O,Acetonitrile:Water,2,Dutta et al. - 2021 - Visible light-promoted synthesis of pyrrolidinone derivatives via Rose Bengal as a photoredox; ja4c05272
BYEAHWXPCBROCE-UHFFFAOYSA-N,FC(F)(F)C(O)C(F)(F)F,"1,1,1,3,3,3-Hexafluoro-2-propanol (…",2,"Rutheniumscpiiscp-catalyzed_chemoselective_deacylative_annulation_of_1,3-diones_with_sulfoxonium_ylides_iviai_CC_bond_ac; ja4c02474"
NAMED__5,,5,2,"Green_synthesis_of_3,4-disubstituted_isoxazol-54H-one_using_Gluconic_acid_aqueous_solution_as_an_efficient_recyclable_me; ol3c02389"
GNBHRKFJIUUOQI-UHFFFAOYSA-N,C1=CC=C2C(=C1)C(=O)OC23C4=C(C=C(C=C4)O)OC5=C3C=CC(=C5)O,Fluorescein,2,Dual_goldphotoredox-catalyzed_CspH_arylation_of_terminal_alkynes_with_diazonium_salts; fchem-10-1087834
NAMED__rubpy3pf62,,[Ru(bpy) 3 ](PF 6 ) 2,2,Dual_goldphotoredox-catalyzed_CspH_arylation_of_terminal_alkynes_with_diazonium_salts; ol3c04246
NAMED__3,,3,2,"Green_synthesis_of_3,4-disubstituted_isoxazol-54H-one_using_Gluconic_acid_aqueous_solution_as_an_efficient_recyclable_me; ol3c02389"
HCHKCACWOHOZIP-UHFFFAOYSA-N,[Zn],Zn,2,Nickel-catalyzed_allylic_defluorinative_alkylation_of_trifluoromethyl_alkenes_with_reductive_decarboxylation_of_redox-ac; Visible-light-induced_radical_hydrodifluoromethylation_of_alkenes
UEEXRMUCXBPYOV-UHFFFAOYSA-N,c1ccc(cc1)-c2ccccn2.c1ccc(cc1)-c2ccccn2.c1ccc(cc1)-c2ccccn2.[Ir],fac-Ir(ppy)3,2,Direct_sulfonylation_of_anilines_mediated_by_visible_light; Straightforward_synthesis_of_functionalized_-Lactams_using_impure_CO2_stream_as_the_carbon_source
NAMED__base,,Base,2,"Rutheniumscpiiscp-catalyzed_chemoselective_deacylative_annulation_of_1,3-diones_with_sulfoxonium_ylides_iviai_CC_bond_ac; sc5c11241"
JCYWCSGERIELPG-UHFFFAOYSA-N,CC1=CC(=C(C(=C1)C)N2C=C[N+](=[C-]2)C3=C(C=C(C=C3C)C)C)C,C (protonated NHC),2,Switching_mesoionic_carbene-organocatalysis_from_radical_to_ionic_pathway_through_base-controlled_formation_of_Breslow_i; catalysts-13-01126
NAMED__4,,4*,2,"Diastereoselective_and_enantioselective_photoredox_pinacol_coupling_promoted_by_titanium_complexes_with_a_red-absorbing_; Green_synthesis_of_3,4-disubstituted_isoxazol-54H-one_using_Gluconic_acid_aqueous_solution_as_an_efficient_recyclable_me"
IMNFDUFMRHMDMM-UHFFFAOYSA-N,CCCCCCC,Heptane,2,Synthesis_of_a_polyisobutylene-tagged_fac-Irppysub3sub_complex_and_its_application_as_recyclable_visible-light_photocata; sc5c11241
WGQKYBSKWIADBV-UHFFFAOYSA-N,NCc1ccccc1,benzylamine,2,Borate_esters_as_convenient_reagents_for_direct_amidation_of_carboxylic_acids_and_transamidation_of_primary_amides; Direct_evidence_of_charge_separation_in_a_metalorganic_framework_efficient_and_selective_photocatalytic_oxidative_coupli
WTKZEGDFNFYCGP-UHFFFAOYSA-N,c1cn[nH]c1,2-methoxythiophene,2,Combining_photoredox_catalysis_and_hydrogen_atom_transfer_for_dearomative_functionalization_of_electron_rich_heteroarene; Goto and Ohmiya - 2025 - Distal C–H functionalization of alkoxyarenes through organic photoredox-catalyzed radical–radical co
MUALRAIOVNYAIW-UHFFFAOYSA-N,P(C1=CC=CC=C1)(C1=CC=CC=C1)C1=CC=C2C=CC=CC2=C1C1=C(P(C2=CC=CC=C2)C2=CC=CC=C2)C=CC2=C1C=CC=C2,rac-BINAP,2,Angew Chem Int Ed - 2019 - Meng - Controllable Isomerization of Alkenes by Dual Visible‐Light‐Cobalt Catalysis; Banerjee et al. - 2022 - Excited‐State Copper Catalysis for the Synthesis of Heterocycles
HPMLGNIUXVXALD-UHFFFAOYSA-N,O=C(F)c1ccccc1,C7H5FO,2,Banjare et al. - 2025 - Radical C─H‐Aroylation of Allenes via Cooperative Photoredox and N ‐Heterocyclic Carbene Cata; Suzuki-type_cross-coupling_of_alkyl_trifluoroborates_with_acid_fluoride_enabled_by_NHCphotoredox_dual_catalysis
QFMZQPDHXULLKC-UHFFFAOYSA-N,C1=CC=C(C=C1)P(CCP(C2=CC=CC=C2)C3=CC=CC=C3)C4=CC=CC=C4,DPPE,2,Banerjee et al. - 2022 - Excited‐State Copper Catalysis for the Synthesis of Heterocycles; Copper-catalyzed_regio-_and_stereo-selective_hydrosilylation_of_terminal_allenes_to_access_E-allylsilanes
LSXDOTMGLUJQCM-UHFFFAOYSA-M,[Cu]I,Cu(IPr)I,2,Banerjee et al. - 2022 - Excited‐State Copper Catalysis for the Synthesis of Heterocycles; Catalytic_asymmetric_radical_aminoperfluoroalkylation_and_aminodifluoromethylation_of_alkenes_to_versatile_enantioenrich
NKNDPYCGAZPOFS-UHFFFAOYSA-M,[Cu]Br,Cu(IPr)Br,2,Banerjee et al. - 2022 - Excited‐State Copper Catalysis for the Synthesis of Heterocycles; Catalytic_asymmetric_radical_aminoperfluoroalkylation_and_aminodifluoromethylation_of_alkenes_to_versatile_enantioenrich
NSABRUJKERBGOU-UHFFFAOYSA-N,C1=CC=C([C-]=C1)C2=CC=CC=N2.C1=CC=C([C-]=C1)C2=CC=CC=N2.C1=CC=C([C-]=C1)C2=CC=CC=N2.[Ir+3],Ir(ppy)3,2,Banerjee et al. - 2022 - Excited‐State Copper Catalysis for the Synthesis of Heterocycles; ol4c02700
XBWRJSSJWDOUSJ-UHFFFAOYSA-L,Cl[Cr]Cl,CrCl2 (20 mol%),2,"Asymmetric_1,4-functionalization_of_1,3-enynes_via_dual_photoredox_and_chromium_catalysis; Thianthrenium-Enabled_Chromium-Catalyzed_Deuterated_Alkyl_Addition_to_Aldehydes_via_Photoactive_Electron_Donor-Acceptor_"
YQHJFPFNGVDEDT-UHFFFAOYSA-N,CC(C)(C)N=C(N(C)C)N(C)C,btmg (1 equivalent),2,Angiolini_ChemCatChem_10.1002_cctc.202500240; Bárbara et al. - 2025 - Protecting group-free photocatalyzed O-arylation of quinic acid
KKMWMXQQOIIJIZ-UHFFFAOYSA-N,[B-](F)(F)(F)F.CC1=CC(=C(C(=C1)C)C2=C3C=CC=CC3=[N+](C4=CC=CC=C42)C)C,10 : 1 acetone/H 2 O,2,Angiolini_ChemCatChem_10.1002_cctc.202500240; Direct_sulfonylation_of_anilines_mediated_by_visible_light
UGOMMVLRQDMAQQ-UHFFFAOYSA-N,CC(C)c1cc(C(C)C)c(-c2ccccc2P(C2CCCCC2)C2CCCCC2)c(C(C)C)c1,X-Phos,2,Angew Chem Int Ed - 2019 - Meng - Controllable Isomerization of Alkenes by Dual Visible‐Light‐Cobalt Catalysis; Selective_single_CF_bond_arylation_of_trifluoromethylalkene_derivatives
BCJVBDBJSMFBRW-UHFFFAOYSA-N,C1=CC=C(C=C1)P(CCCCP(C2=CC=CC=C2)C3=CC=CC=C3)C4=CC=CC=C4,DPPB,2,Angew Chem Int Ed - 2019 - Meng - Controllable Isomerization of Alkenes by Dual Visible‐Light‐Cobalt Catalysis; Copper-catalyzed_regio-_and_stereo-selective_hydrosilylation_of_terminal_allenes_to_access_E-allylsilanes
NFRYVRNCDXULEX-UHFFFAOYSA-N,c1ccc(cc1)P(c2ccccc2)c3ccccc3P(c4ccccc4)c5ccccc5,DPPBZ,2,Angew Chem Int Ed - 2019 - Meng - Controllable Isomerization of Alkenes by Dual Visible‐Light‐Cobalt Catalysis; Copper-catalyzed_regio-_and_stereo-selective_hydrosilylation_of_terminal_allenes_to_access_E-allylsilanes
CNXMDTWQWLGCPE-UHFFFAOYSA-N,CC(C)(C)P(c1ccccc1-c1ccccc1)C(C)(C)C,JohnPhos,2,Angew Chem Int Ed - 2019 - Meng - Controllable Isomerization of Alkenes by Dual Visible‐Light‐Cobalt Catalysis; Catalytic_direct_hydrocarboxylation_of_styrenes_with_CO2_and_H2
CHIHQLCVLOXUJW-UHFFFAOYSA-N,O=C(OC(=O)c1ccccc1)c1ccccc1,benzoic anhydride,2,"Banjare et al. - 2025 - Radical C─H‐Aroylation of Allenes via Cooperative Photoredox and N ‐Heterocyclic Carbene Cata; NHC_and_visible_light-mediated_photoredox_co-catalyzed_1,4-sulfonylacylation_of_1,3-enynes_for_tetrasubstituted_allenyl_"
VNWKTOKETHGBQD-UHFFFAOYSA-N,C,DIPEA,2,"Angew Chem Int Ed - 2019 - Meng - Controllable Isomerization of Alkenes by Dual Visible‐Light‐Cobalt Catalysis; Brambilla et al. - 2023 - Synthesis of Indole‐Fused 1,4‐Diazepinones via Photoredox‐Catalyzed Cascade Cyclization Reaction"
LFMBERYWDLWXNO-UHFFFAOYSA-M,CC1=CC(=C(C(=C1)C)C2=C3C=CC=CC3=[N+](C4=CC=CC=C42)C)C.[O-]Cl(=O)(=O)=O,Acr+-Mes ClO4,2,Accessing_chiral_sulfones_bearing_quaternary_carbon_stereocenters_via_photoinduced_radical_sulfur_dioxide_insertion_and_; Photo-induced_oxidant-free_oxidative_CHNH_cross-coupling_between_arenes_and_azoles
JVBXVOWTABLYPX-UHFFFAOYSA-L,O=S([O-])S(=O)[O-].[Na+].[Na+],Na2S2O4,2,Accessing_chiral_sulfones_bearing_quaternary_carbon_stereocenters_via_photoinduced_radical_sulfur_dioxide_insertion_and_; ol5c01129
JNCLVGMBRSKDED-UHFFFAOYSA-N,F[B-](F)(F)F.N#[N+]c1ccccc1,Ar-N2BF4,2,Accessing_chiral_sulfones_bearing_quaternary_carbon_stereocenters_via_photoinduced_radical_sulfur_dioxide_insertion_and_; Dual_goldphotoredox-catalyzed_CspH_arylation_of_terminal_alkynes_with_diazonium_salts
HVAPLSNCVYXFDQ-UHFFFAOYSA-N,CC1(C2=CC=CC=C2I(O1)C(F)(F)F)C,C10H10F3IO,2,Access_to_a_new_class_of_synthetic_building_blocks_via_trifluoromethoxylation_of_pyridines_and_pyrimidines; Angiolini_ChemCatChem_10.1002_cctc.202500240
KFZMGEQAYNKOFK-UHFFFAOYSA-N,CC(C)O,Isopropanol (i-PrOH),2,"Abdiaj - Improving the throughput of batch photochemical reactions using flow Dual photoredox and nickel cat; Rutheniumscpiiscp-catalyzed_chemoselective_deacylative_annulation_of_1,3-diones_with_sulfoxonium_ylides_iviai_CC_bond_ac"
OEBXWWBYZJNKRK-UHFFFAOYSA-N,CN1CCCN2C1=NCCC2,Me-TBD,2,Abdiaj - Improving the throughput of batch photochemical reactions using flow Dual photoredox and nickel cat; jo2c02952
VHYFNPMBLIVWCW-UHFFFAOYSA-N,CN(C)C1=CC=NC=C1,DMAP,2,Abdiaj - Improving the throughput of batch photochemical reactions using flow Dual photoredox and nickel cat; Tunable_CH_functionalization_and_dearomatization_enabled_by_an_organic_photocatalyst
ZQEBQGAAWMOMAI-UHFFFAOYSA-N,CC(C)(C)OC(=O)N1CCCC1C(=O)O,C10H17NO4,2,Abdiaj - Improving the throughput of batch photochemical reactions using flow Dual photoredox and nickel cat; ol4c02700
LPNBBFKOUUSUDB-UHFFFAOYSA-N,Cc1ccc(C(=O)O)cc1,C8H8O2,2,A_general_deoxygenation_approach_for_synthesis_of_ketones_from_aromatic_carboxylic_acids_and_alkenes; Photodehydrogenation_of_alcohols_catalysed_by_a_single_ruthenium_N-Heterocyclic_carbene_complex
NLZUEZXRPGMBCV-UHFFFAOYSA-N,CC1=CC(=C(C(=C1)C(C)(C)C)O)C(C)(C)C,3 eq. BHT,2,A_chiral_nickel_DBFOX_complex_as_a_bifunctional_catalyst_for_visible-light-promoted_asymmetric_photoredox_reactions; Yin et al. - 2020 - Photoredox Catalytic Trifluoromethylation and Perfluoroalkylation of Arenes Using Trifluoroacetic an
NAMED__irppy3,,[Ir(ppy)3],2,Banjare et al. - 2025 - Radical C─H‐Aroylation of Allenes via Cooperative Photoredox and N ‐Heterocyclic Carbene Cata; Visible-light-mediated_Minisci_CH_alkylation_of_heteroarenes_with_unactivated_alkyl_halides_using_Osub2sub_as_an_oxidant
RMESWYTZUADOFK-UHFFFAOYSA-N,O=C(c1ccccc1)N1C(=O)c2ccccc2S1(=O)=O,C14H9NO4S,2,"Banjare et al. - 2025 - Radical C─H‐Aroylation of Allenes via Cooperative Photoredox and N ‐Heterocyclic Carbene Cata; Visible_light-mediated_organocatalyzed_1,3-aminoacylation_of_cyclopropane_employing_N-benzoyl_saccharin_as_bifunctional_"
PWHULOQIROXLJO-UHFFFAOYSA-N,[Mn],Mn (in situ reductant),2,ChromiumCatalyzed_PinacolType_CrossCoupling_Studies_on_Stereoselectivity; Nickel-catalyzed_allylic_defluorinative_alkylation_of_trifluoromethyl_alkenes_with_reductive_decarboxylation_of_redox-ac
XKJBTCGUBJEATL-UHFFFAOYSA-N,CN(C)C(=NC1CCCCC1)NC1CCCCC1.CN(C)C(=NC1CCCCC1)NC1CCCCC1,amine,2,CH_functionalization_of_amines_with_aryl_halides_by_nickel-photoredox_catalysis; Photo-induced_oxidant-free_oxidative_CHNH_cross-coupling_between_arenes_and_azoles
NAMED__phcf3,,PhCF 3,2,"Catalytic_intramolecular_aminoarylation_of_unactivated_alkenes_with_aryl_sulfonamides; Visible_light-mediated_organocatalyzed_1,3-aminoacylation_of_cyclopropane_employing_N-benzoyl_saccharin_as_bifunctional_"
DRNAQRXLOSUHBQ-UHFFFAOYSA-N,C1(CCCCC1)P(C1=C(C=CC=C1)C1=C(C=CC=C1N(C)C)N(C)C)C1CCCCC1,C-Phos,2,Catalytic_direct_hydrocarboxylation_of_styrenes_with_CO2_and_H2; Selective_single_CF_bond_arylation_of_trifluoromethylalkene_derivatives
NUMHUJZXKZKUBN-UHFFFAOYSA-N,C=Cc1ccc(C(=O)OC)cc1,C10H10O2,2,Catalytic_direct_hydrocarboxylation_of_styrenes_with_CO2_and_H2; Photoredox-catalyzed_dicarbofunctionalization_of_styrenes_with_amines_and_COsub2sub_a_convenient_access_to_-amino_acids
CQLFBEKRDQMJLZ-UHFFFAOYSA-M,CC(=O)[O-].[Ag+],AgOAc,2,Catalytic_asymmetric_radical_aminoperfluoroalkylation_and_aminodifluoromethylation_of_alkenes_to_versatile_enantioenrich; Silverchiral_pyrrolidinopyridine_relay_catalytic_cycloisomerization2  3_cycloadditions_of_enynamides_to_asymmetrically_s
UIIMBOGNXHQVGW-UHFFFAOYSA-M,C(=O)(O)[O-].[Na+],NaHCO3 (sodium bicarbonate),2,"Catalytic_asymmetric_radical_aminoperfluoroalkylation_and_aminodifluoromethylation_of_alkenes_to_versatile_enantioenrich; Rutheniumscpiiscp-catalyzed_chemoselective_deacylative_annulation_of_1,3-diones_with_sulfoxonium_ylides_iviai_CC_bond_ac"
NAMED__na2co3,,Na 2 CO 3,2,Catalytic_N-radical_cascade_reaction_of_hydrazones_by_oxidative_deprotonation_electron_transfer_and_TEMPO_mediation; ol3c02389
HEMHJVSKTPXQMS-UHFFFAOYSA-M,[OH-].[Na+],NaOH,2,Catalytic_N-radical_cascade_reaction_of_hydrazones_by_oxidative_deprotonation_electron_transfer_and_TEMPO_mediation; Photodehydrogenation_of_alcohols_catalysed_by_a_single_ruthenium_N-Heterocyclic_carbene_complex
NAMED__pc,,[PC],2,Carbene_and_photocatalyst-catalyzed_decarboxylative_radical_coupling_of_carboxylic_acids_and_acyl_imidazoles_to_form_ket; sc5c11241
NAMED__nicod2,,Ni(COD) 2,2,CH_functionalization_of_amines_with_aryl_halides_by_nickel-photoredox_catalysis; Nickel-catalyzed_cyclization_of_alkyne-nitriles_with_organoboronic_acids_involving_anti-carbometalation_of_alkynes
YOCRKHKJFCWTHG-UHFFFAOYSA-N,O1C(=NCC1)C1=NC(=CC=C1)C=1OCCN1,PyBox,2,CH_functionalization_of_amines_with_aryl_halides_by_nickel-photoredox_catalysis; Nickel-catalyzed_allylic_defluorinative_alkylation_of_trifluoromethyl_alkenes_with_reductive_decarboxylation_of_redox-ac
DRGAZIDRYFYHIJ-UHFFFAOYSA-N,C1=CC=NC(=C1)C2=NC(=CC=C2)C3=CC=CC=N3,terpy 0,2,CH_functionalization_of_amines_with_aryl_halides_by_nickel-photoredox_catalysis; Nickel-catalyzed_transamidation_of_aliphatic_amide_derivatives
LPNYRYFBWFDTMA-UHFFFAOYSA-N,CC(C)(C)[O-].[K+],t-BuOK,2,Bárbara et al. - 2025 - Protecting group-free photocatalyzed O-arylation of quinic acid; sc5c11241
IMFACGCPASFAPR-UHFFFAOYSA-N,CCCCN(CCCC)CCCC,Tributylamine (Bu3N),2,Baussière and Haugland - 2023 - Radical Group Transfer of Vinyl and Alkynyl Silanes Driven by Photoredox Catalysis; Synthesis_of_a_polyisobutylene-tagged_fac-Irppysub3sub_complex_and_its_application_as_recyclable_visible-light_photocata
NBPGPQJFYXNFKN-UHFFFAOYSA-N,CC1=CC(=NC=C1)C2=NC=CC(=C2)C,"dmbpy (4,4'-dimethyl-2,2'-bipyridin…",2,Bárbara et al. - 2025 - Protecting group-free photocatalyzed O-arylation of quinic acid; Calogero et al. - 2022 - A Photoredox Nozaki‐Hiyama Reaction Catalytic in Chromium
XKJCHHZQLQNZHY-UHFFFAOYSA-N,C1=CC=C2C(=C1)C(=O)NC2=O,phthalimide (1 equivalent),2,Bárbara et al. - 2025 - Protecting group-free photocatalyzed O-arylation of quinic acid; ol3c02389
NAMED__et3n,,Et 3 N,2,"Brambilla et al. - 2023 - Synthesis of Indole‐Fused 1,4‐Diazepinones via Photoredox‐Catalyzed Cascade Cyclization Reaction; Suzuki-type_cross-coupling_of_alkyl_trifluoroborates_with_acid_fluoride_enabled_by_NHCphotoredox_dual_catalysis"
DBZJJPROPLPMSN-UHFFFAOYSA-N,C1=CC=C2C(=C1)C(=O)OC23C4=CC(=C(C(=C4OC5=C(C(=C(C=C35)Br)O)Br)Br)O)Br,Eosin Y,2,"Brambilla et al. - 2023 - Synthesis of Indole‐Fused 1,4‐Diazepinones via Photoredox‐Catalyzed Cascade Cyclization Reaction; catalysts-13-01007-v2"
BMRRDFCQNOZNNR-UHFFFAOYSA-N,CN1CCN(CC1)C2=CC3=C(C=C2)N=C(N3)C4=CC5=C(C=C4)N=C(N5)C6=CC(=C(C=C6)OC)OC,DMA,2,Boselli et al. - 2023 - Enantioselective Catalytic Addition of N‐Acyl Radicals In Batch and In Flow Organophotoredox α‐Amin; Fan et al. - 2023 - PhotoredoxHAT dual-catalyzed carboxylation of benzyl chlorides with CO2 using thiophenolate and for
KGBXLFKZBHKPEV-UHFFFAOYSA-N,B(O)(O)O,H3BO3,2,Borate_esters_as_convenient_reagents_for_direct_amidation_of_carboxylic_acids_and_transamidation_of_primary_amides; Palladium-catalyzed_thiocarbonylation_of_alkenes_toward_branched_thioesters_using_COsub2sub
WLJVXDMOQOGPHL-UHFFFAOYSA-N,O=C(O)Cc1ccccc1,Ph-COOH,2,Borate_esters_as_convenient_reagents_for_direct_amidation_of_carboxylic_acids_and_transamidation_of_primary_amides; jo2c02952
HEDRZPFGACZZDS-UHFFFAOYSA-N,C(Cl)(Cl)Cl,Chloroform (CHCl3),2,"Bond_cleavage,_fragment_modification_and_reassembly_in_enantioselective_three-component_reactions; Silverchiral_pyrrolidinopyridine_relay_catalytic_cycloisomerization2  3_cycloadditions_of_enynamides_to_asymmetrically_s"
VMHLLURERBWHNL-UHFFFAOYSA-M,CC(=O)[O-].[Na+],NaOAc,2,Bhaskar Pal et al. - 2023 - Stereospecific Photoredox‐Catalyzed Vinylations to Functionalized Alkenes and C ‐Glycosides; Suzuki-type_cross-coupling_of_alkyl_trifluoroborates_with_acid_fluoride_enabled_by_NHCphotoredox_dual_catalysis
NAMED__csoac,,CsOAc,2,"Bhaskar Pal et al. - 2023 - Stereospecific Photoredox‐Catalyzed Vinylations to Functionalized Alkenes and C ‐Glycosides; NHC_and_visible_light-mediated_photoredox_co-catalyzed_1,4-sulfonylacylation_of_1,3-enynes_for_tetrasubstituted_allenyl_"
OYNJAUIAADXAOW-UHFFFAOYSA-N,C1=CC=CC=2C3=CC=CC=C3N(C12)C1=C(C(=C(C(=C1C#N)N1C2=CC=CC=C2C=2C=CC=CC12)N1C2=CC=CC=C2C=2C=CC=CC12)C#N)N1C2=CC=CC=C2C=2C=CC=CC12,4CzPN,2,Bhaskar Pal et al. - 2023 - Stereospecific Photoredox‐Catalyzed Vinylations to Functionalized Alkenes and C ‐Glycosides; d2ra07064b
KFZUDNZQQCWGKF-UHFFFAOYSA-M,Cc1ccc(S(=O)[O-])cc1.[Na+],C7H7NaO2S,2,ol4c02700; ol5c01129
