catalyst_key,name,smiles,n_reactions,mean_yield,max_yield,min_yield
DQGZDXPHVNYTTK-UHFFFAOYSA-N,C56H35ClN6,ClC1(C(C(C#N)(C(=C(C1)N1C2=CC=CC=C2C=2C=CC=CC12)N1C2=CC=CC=C2C=2C=CC=CC12)N1C2=CC=CC=C2C=2C=CC=CC12)N1C2=CC=CC=C2C=2C=CC=CC12)C#N,1,99.0,99.0,99.0
WQXPYUMSZUPSEU-UHFFFAOYSA-N,C16H10N4O2S2,COC1=CC=C(S1)C2=NC(=C(N=C2C3=CC=C(S3)OC)C#N)C#N,3,98.7,100.0,96.0
NAMED__phnso2cf32,PhN(SO 2 CF 3 ) 2,,1,98.0,98.0,98.0
DIOHEXPTUTVCNX-UHFFFAOYSA-N,"PhN(SO2CF3)2 (N,N-bis(trifluorometh…",c1ccccc1N(S(=O)(=O)C(F)(F)F)S(=O)(=O)C(F)(F)F,1,98.0,98.0,98.0
MSTXNFJRDVUKRG-UHFFFAOYSA-N,PC-4 (4-BrCzIPN),Brc1c(C#N)c(N2c3ccccc3-c3ccccc32)c(C#N)c(N2c3ccccc3-c3ccccc32)c1N2c3ccccc3-c3ccccc32,1,96.0,96.0,96.0
[Ir](dF(CF3)ppy)2(dtbpy)PF6,[Ir(dF(CF3)ppy)2(dtbpy)]PF6,[Ir](dF(CF3)ppy)2(dtbpy)PF6,1,95.0,95.0,95.0
NAMED__ecoliemptywholecell120mg,E. coli (empty) whole cell/120 mg,,1,95.0,95.0,95.0
NAMED__na3irsppy3,Na3Ir(sppy)3,,1,95.0,95.0,95.0
HOSDVNXNKJWINL-UHFFFAOYSA-N,C10H7FO3,O=c1ccc2cc(OCF)ccc2o1,2,94.5,99.0,90.0
JAEMQJFAYFRKST-UHFFFAOYSA-N,NHC-5,CC1=C(C)C=C(C)C=C1N1C=[N+]2C(=N1)COCC2C(C)C,1,94.0,94.0,94.0
CCJVMNUERHKTSX-UHFFFAOYSA-M,CuOAc,O=C([O-])C[Cu],1,94.0,94.0,94.0
NAMED__0004408103,"0.004, 4.08 × 10 - 3",,1,93.0,93.0,93.0
NAMED__0003306103,"0.003, 3.06 × 10 - 3",,1,92.0,92.0,92.0
NAMED__ecolimaon9wholecell180mg,E. coli (MAO-N-9) whole cell/180 mg,,2,92.0,92.0,92.0
QMMFVYPAHWMCMS-UHFFFAOYSA-N,CuBr·Me2S,CSC,4,90.5,99.0,83.0
Cc1cc(C)cc(C)c1-n1cnc2[C@H]3c4cc(Br)ccc4C[C@H]3OC[n+]12.[BF4-],NHC-3,Cc1cc(C)cc(C)c1-n1cnc2[C@H]3c4cc(Br)ccc4C[C@H]3OC[n+]12.[BF4-],1,87.0,87.0,87.0
GOTVFBRVXFIYGL-UHFFFAOYSA-N,(ArO)3PAuNTf2,CC(C)(C)c1cc(C(C)(C)C)ccc1OP(Oc1ccc(C(C)(C)C)cc1C(C)(C)C)Oc1ccc(C(C)(C)C)cc1C(C)(C)C.[Au+].C(F)(F)(F)S(=O)(=O)[N-]S(=O)(=O)C(F)(F)F,3,86.7,95.0,75.0
NAMED__aro3pauntf2d,( Ar O) 3 PAuNTf 2 d,,3,86.7,95.0,75.0
UBJTWXKMSUZYOF-SMTSAFDASA-N,C55H55N3O3Si,CC(C)(C)[Si](O[C@@H]1CN(C(=O)C2=CN=CC=C2N3CCCC3)[C@H](C1)C(O)(C4=CC(=CC=C4)C5=CC=CC=C5)C6=CC(=CC=C6)C7=CC=CC=C7)(C8=CC=CC=C8)C9=CC=CC=C9,1,86.0,86.0,86.0
IMAOWEWPUQUAFI-TXEPZDRESA-M,NHC-6,Cc1cc(C)cc(C)c1-n1cnc2[C@H](Cc3ccccc3)CC[n+]12.[F-].[B](F)(F)F,1,85.0,85.0,85.0
PHRAYFRGCDHFRB-FJIAVIARSA-N,C67H63N3O3Si,CC(C)(C)[Si](OC1CC[C@H](N1C(=O)c2c(cccn2)N3CCCC3)[C@](O)(c4cc(c5ccccc5)cc(c4)c6ccccc6)c7cc(c8ccccc8)cc(c7)c9ccccc9)(c1ccccc1)c2ccccc2,2,85.0,85.0,85.0
MIYKHJXFICMPOJ-RVDMUPIBSA-N,dibenzylimine,C(=N\Cc1ccccc1)/c1ccccc1,4,85.0,100.0,44.4
RTUFULAFVKASRZ-UHFFFAOYSA-N,C40H40F7IrN4P,CC(C)(C)C1=CC=NC(=C1)C2=CC(=CC=N2)C(C)(C)C.C1=CC=C(C(=C1)C2=CC=CC=N2)[Ir+].C1=CC=C(C(=C1)C2=CC=CC=N2)F.F[P-](F)(F)(F)(F)F,1,84.0,84.0,84.0
CC(C)(C)c1cc[n]2[Ir+]3([c]4ccccc4-c4cccc[n]34)([c]3ccccc3-c3cccc[n]3)[n]2c1.F[B-](F)(F)F,[4b][BF4],CC(C)(C)c1cc[n]2[Ir+]3([c]4ccccc4-c4cccc[n]34)([c]3ccccc3-c3cccc[n]3)[n]2c1.F[B-](F)(F)F,1,84.0,84.0,84.0
URYYMVXXFNXTAX-UHFFFAOYSA-N,C40H32F12N8P2Ru+3,c1ccc(nc1)-c2cccc[n+]2[Ru-2]34([n+]5ccccc5-c6cccc[n+]63)([n+]7ccccc7-c8cccc[n+]84)[n+]9ccccc9-c%10cccc[n+]%10.F[P-](F)(F)(F)(F)F.F[P-](F)(F)(F)(F)F,1,83.0,83.0,83.0
ZYKHFMYKLMSRTB-UHFFFAOYSA-N,Ir(ppy) 2 (dtbbpy)PF 6,CC(C)(C)C1=CC=NC(=C1)C1=NC=CC(=C1)C(C)(C)C.C1=CC=C(C=C1)C1=CC=CC=[N]1.C1=CC=C(C=C1)C1=CC=CC=[N]1.F[P-](F)(F)(F)(F)F.[Ir+],1,83.0,83.0,83.0
NAMED__ecolimaon9lysate180mg,E. coli (MAO-N-9) lysate/180 mg,,1,83.0,83.0,83.0
YMNCCEXICREQQV-UHFFFAOYSA-L,PhCF3,[CH-]1C=CC=C1.[CH-]1C=CC=C1.[Cl-].[Cl-].[Ti+4],18,82.7,99.0,23.0
XAARDWSLAZLSJR-UHFFFAOYSA-N,PC1 (5CzBn),C1=CC=CC=2C3=CC=CC=C3N(C12)C1=C(C(=C(C(=C1C#N)N1C2=CC=CC=C2C=2C=CC=CC12)N1C2=CC=CC=C2C=2C=CC=CC12)N1C2=CC=CC=C2C=2C=CC=CC12)N1C2=CC=CC=C2C=2C=CC=CC12,3,82.3,99.0,49.0
RRBHRYNFGGGCST-UHFFFAOYSA-N,C24H18F12N12P2Ru,F[P-](F)(F)(F)(F)F.F[P-](F)(F)(F)(F)F.c1cnc(cn1)-c1cnccn1.c1cnc(cn1)-c1cnccn1.c1cnc(cn1)-c1cnccn1.[Ru+2],1,82.0,82.0,82.0
MGVDPWPVEVYSFA-UHFFFAOYSA-L,C11H12ClNO2PtS,CS(=O)C.[Cl-].[O-]c1cccc2cccnc12.[Pt+2],10,78.3,100.0,10.0
ZOMQCVKHGOMNER-UHFFFAOYSA-N,4DPAIPN,C1=CC=C(C=C1)N(C2=CC=CC=C2)C3=C(C(=C(C(=C3C#N)N(C4=CC=CC=C4)C5=CC=CC=C5)N(C6=CC=CC=C6)C7=CC=CC=C7)N(C8=CC=CC=C8)C9=CC=CC=C9)C#N,1,78.0,78.0,78.0
VPCXVCNTHAMRBT-UHFFFAOYSA-N,3DPA2FBN,C1(=CC=CC=C1)N(C1=C(C#N)C(=C(C(=C1F)N(C1=CC=CC=C1)C1=CC=CC=C1)F)N(C1=CC=CC=C1)C1=CC=CC=C1)C1=CC=CC=C1,1,78.0,78.0,78.0
[Ru](n1cccn1n1cccn1)n1cccn1.Cl.Cl,[Ru(bpy)3]Cl2,[Ru](n1cccn1n1cccn1)n1cccn1.Cl.Cl,1,78.0,78.0,78.0
ZQMSILJVEUJAEX-UHFFFAOYSA-N,Thioxanthone,C=[IH],1,77.0,77.0,77.0
CWWJKCZZOSJTEZ-UHFFFAOYSA-N,((p-MeO)C6H4)3PAuCl,Cl[Au]P(c1ccc(OC)cc1)(c2ccc(OC)cc2)c3ccc(OC)cc3,6,76.5,83.0,60.0
[Cl][Ti]123<-[N](=C\c4ccccc4[O]1)/[C@@H]1CCCC[C@H]1/[N]->2=C/c1ccccc1[O]3,C20H20ClN2O2Ti,[Cl][Ti]123<-[N](=C\c4ccccc4[O]1)/[C@@H]1CCCC[C@H]1/[N]->2=C/c1ccccc1[O]3,5,76.2,92.0,49.0
FGFCKVYSOPYNQD-UHFFFAOYSA-N,C36H31F14IrN4P,CC(C)(C)C1=CC=NC(=C1)C2=C(C=C(C=N2)C(C)(C)C)[Ir+].FC1=C(C=C(F)C(=C1)C2=NC=CC=C2C(F)(F)F)C3=NC=CC=C3C(F)(F)F.F[P-](F)(F)(F)(F)F,1,76.0,76.0,76.0
SBSDMXFWMLBKPS-UHFFFAOYSA-N,C14H6N4S2,S1C(=CC=C1)C=1N=C(C(=NC1C=1SC=CC1)C#N)C#N,1,76.0,76.0,76.0
CSHWQDPOILHKBI-UHFFFAOYSA-N,perylene,C1=CC2=C3C(=C1)C4=CC=CC5=C4C(=CC=C5)C3=CC=C2,3,75.7,79.0,74.0
MOUUDOSZONTTNK-UHFFFAOYSA-N,Mes3DiKTa,CC1=CC(C)=CC(C)=C1C2=CC3=C4C(=C2)B5C6=C(C=C(C2=C(C)C=C(C)C=C2C)C=C6OC5=C3)OC7=CC(C2=C(C)C=C(C)C=C2C)=CC=C47,4,75.0,81.0,59.0
MPGGLVZOXODCKB-UHFFFAOYSA-N,Ir[(ppy)2(dtbbpy)]PF6,CC(C)(C)c1cc(c2cc(cc(c2n1)C(C)(C)C)C(C)(C)C)c3cccc[n]3.c1ccc(c(c1)c2ccccn2)[Ir]c3ccccc3c4ccccn4.F[P-](F)(F)(F)(F)F,1,75.0,75.0,75.0
FYZBGHMANUMBGB-UHFFFAOYSA-L,NiCl2(Py)4,[Ni+2].[Cl-].[Cl-].c1ccncc1,1,75.0,75.0,75.0
YRHRIQCWCFGUEQ-UHFFFAOYSA-N,TXO,C1=CC=C2C(=C1)C(=O)C3=CC=CC=C3S2,1,75.0,75.0,75.0
DKVJZADZPWUQDW-UHFFFAOYSA-N,C31H18F5InN4,FC1=CC=NC=C1C2=NC=CC=C2[In](C3=NC=CC=C3C4=CC(F)=CC(F)=C4)(N5C=CC=C5C6=CC(F)=CC(F)=C6),1,74.0,74.0,74.0
NAMED__irdfppy2dtbbpypf6,[Ir(dFppy)2(dtbbpy)]PF6,,1,74.0,74.0,74.0
QSWDMMVNRMROPK-UHFFFAOYSA-K,CrCl3,Cl[Cr](Cl)Cl,1,74.0,74.0,74.0
QKBBSRAPFIBCLW-UHFFFAOYSA-N,C62H39N5,C1=CC=C(C=C1)CC2=C(C(=C(C(=C2N3C4=CC=CC=C4C5=CC=CC=C53)C#N)N6C7=CC=CC=C7C8=CC=CC=C86)N9C1=CC=CC=C1C1=CC=CC=C19)N1C2=CC=CC=C2C2=CC=CC=C21,1,73.0,73.0,73.0
BADBRNGGDWNSGI-UHFFFAOYSA-L,C16H11Cl3NO2PtS,CS(=O)C1=CC=CC=C1[Pt](Cl)(Oc2c(Cl)cc(Cl)c3cccnc23),2,72.0,100.0,44.0
HMIUZZKHAFVXCB-UHFFFAOYSA-N,Cy3PAuCl,Cl[Au]P(C1CCCCC1)(C2CCCCC2)C3CCCCC3,1,72.0,72.0,72.0
NAMED__niacac2,Ni(acac) 2,,1,72.0,72.0,72.0
NAMED__4,4*,,3,71.7,92.0,49.0
NKNDPYCGAZPOFS-UHFFFAOYSA-M,Cu(IPr)Br,[Cu]Br,24,71.4,98.0,10.0
HWYVAZHJVBKBLL-UHFFFAOYSA-N,C43H30F2N4,N#CC1=C(N(C2=CC=CC=C2)C2=CC=CC=C2)C(F)=C(N(C3=CC=CC=C3)C3=CC=CC=C3)C(N(C4=CC=CC=C4)C4=CC=CC=C4)=C1F,1,71.0,71.0,71.0
XZTSAFAASBHLDS-UHFFFAOYSA-O,Cy-JohnPhosAuNTf2,C1CCC(CC1)P(C2CCCCC2)(C3=CC=CC=C3C4=CC=CC=C4)[Au].C(F)(F)(F)S(=O)(=O)[N-]S(=O)(=O)C(F)(F)F,1,71.0,71.0,71.0
HXTIZEQEDWGBSR-UHFFFAOYSA-N,C33H19F8InN4,FC1=CC=NC=C1C2=CC(F)=CC(F)=C2[In](C3=CC=NC=C3C4=CC(F)=CC(F)=C4)(N5C=CC=C(F)C5C6=CC=NC=C6C(F)F),1,71.0,71.0,71.0
NAMED__cyjohnphosauntf2,Cy-JohnPhosAuNTf 2,,1,71.0,71.0,71.0
CC1=CC=NC(=C1)C1=CC=CC=C1[Ir]12(C3=CC=CC=C3C3=CC=CC=N13)C1=CC=CC=C1C1=CC=CC=N21,Ir(ppy) 2 (PIB-ppy) ( 3 ),CC1=CC=NC(=C1)C1=CC=CC=C1[Ir]12(C3=CC=CC=C3C3=CC=CC=N13)C1=CC=CC=C1C1=CC=CC=N21,5,70.8,86.0,34.0
BrC1=CC(Br)=C2C=CC=[N]3C2=C1[O][Pt]3(S(=O)(C)C)[Cl],C11H11Br2ClNO2PtS,BrC1=CC(Br)=C2C=CC=[N]3C2=C1[O][Pt]3(S(=O)(C)C)[Cl],2,70.0,100.0,40.0
NAMED__codmgh2cl2,Co(dmgH) 2 Cl 2,,1,70.0,70.0,70.0
NAMED__7diethylamino3thiophen2yl2hchromen2one,7-(diethylamino)-3-(thiophen-2-yl)-…,,1,70.0,70.0,70.0
CC(C)(C)c1cc[n+](cc1)-c2cc(cc[n+]2-c3c(cc(cc3F)F)C(F)(F)F)[Ir-4]45(n6ccccc6-c7cccc(c74)F)n8ccccc8-c9cccc(c95)F.F[B-](F)(F)F,[4c][BF4],CC(C)(C)c1cc[n+](cc1)-c2cc(cc[n+]2-c3c(cc(cc3F)F)C(F)(F)F)[Ir-4]45(n6ccccc6-c7cccc(c74)F)n8ccccc8-c9cccc(c95)F.F[B-](F)(F)F,1,70.0,70.0,70.0
KTQRXOPFEMREQO-UHFFFAOYSA-N,(Ir[dF(CF 3 )ppy] 2 (dtbbpy))PF 6 c,CC(C)(C)C1=CC=NC(=C1)C2=C(C=C(C=N2)C(C)(C)C)[Ir+]34(C5=C(C=C(F)C=C5C(F)(F)F)C6=NC=CC=C63)(C7=C(C=C(F)C=C7C(F)(F)F)C8=NC=CC=C84).F[P-](F)(F)(F)(F)F,24,70.0,99.0,1.0
NAMED__iprauntf2,IPrAuNTf 2,,1,70.0,70.0,70.0
BWHYVXUPMVHQAG-UHFFFAOYSA-N,IPrAuNTf2,[N-](S(=O)(=O)C(F)(F)F)S(=O)(=O)C(F)(F)F.C(C)(C)C1=C(C(=CC=C1)C(C)C)N1C(N(C=C1)C1=C(C=CC=C1C(C)C)C(C)C)=[Au-],1,70.0,70.0,70.0
GOBQZMGSOYXFMI-UHFFFAOYSA-M,Co(dmgH) 2 Cl 2,CC1=C(C(=N[Co](Cl)(N=C(C)C1=NO)N=C(C)C(=NO)C)C)O,1,70.0,70.0,70.0
GNXBFFHXJDZGEK-UHFFFAOYSA-N,T1 (p‑tert‑butylthiophenol),CC(C)(C)C1=CC=C(C=C1)S,8,69.1,86.0,55.0
NAMED__ph3pauntf2,Ph 3 PAuNTf 2,,2,69.0,69.0,69.0
FQYBGKVDYNPDFL-UHFFFAOYSA-N,C27H29N2O2+,CCCN1C2=CC=CC(OC)=C2[C+]2C3=C(OC)C=CC=C3N(CCC)C3=C2C1=CC=C3,4,68.5,99.0,23.0
HSGSJBNVKNSKAD-UHFFFAOYSA-N,Acridinium-based photocatalyst,[I+][I+],13,68.1,94.0,39.0
NAMED__coacac2replacescuacac2,Co(acac)2 (replaces Cu(acac)2),,1,68.0,68.0,68.0
LEONUFNNVUYDNQ-UHFFFAOYSA-N,catalyst,[V],10,67.1,93.0,20.0
NAMED__cupowderreplacescucl,Cu powder (replaces CuCl),,1,67.0,67.0,67.0
NAMED__rubpy3pf62,[Ru(bpy) 3 ](PF 6 ) 2,,10,67.0,83.0,15.0
Cc1cc(C)cc(C)c1-n1cnc2[C@H]3c4ccccc4C[C@H]3OC[n+]12.[BF4-],NHC-1 (Ar = Mes),Cc1cc(C)cc(C)c1-n1cnc2[C@H]3c4ccccc4C[C@H]3OC[n+]12.[BF4-],10,66.2,96.0,12.0
XBWRJSSJWDOUSJ-UHFFFAOYSA-L,CrCl2 (20 mol%),Cl[Cr]Cl,32,65.7,95.0,0.0
YDGSSOWNWNPOKN-UHFFFAOYSA-N,DiKTa,O=c1c2ccccc2n2c3ccccc3c(=O)c3cccc1c32,4,65.2,82.0,18.0
NAMED__rucl2pcymene2,[RuCl 2 ( p -cymene)] 2,,20,65.1,80.0,0.0
LULZXNOVLBISGB-UHFFFAOYSA-N,Mes-Acr+,CC1=CC(=C(C(=C1)C)C2=C3C=CC=CC3=[N+](C4=CC=CC=C42)C)C,1,65.0,65.0,65.0
BHOKYHFWPVVZNR-UHFFFAOYSA-N,C33H17F7InN3,FC1=CC=NC=C1C2=CC(F)=CC(F)=C2[In](C3=CC=NC=C3C4=CC(F)=CC(F)=C4)(C5=CC=NC=C5C6=CC(F)=CC(F)=C6),3,64.3,78.0,45.0
WZWZBQOUCCEUOT-UHFFFAOYSA-N,NHC-5 (instead of NHC-1),[Cl-].C1(=C(C(=CC(=C1)C)C)C1N2C(N=[NH+]1)=CCC2)C,1,64.0,64.0,64.0
PC_general_aromatic_core,"Photocatalyst PC (general, as in gl…",PC_general_aromatic_core,1,64.0,64.0,64.0
GNQXUMGHBSAQBV-UHFFFAOYSA-N,Cu(MeCN)4PF6,CC#N.CC#N.CC#N.CC#N.F[P-](F)(F)(F)(F)F.[Cu+],1,64.0,64.0,64.0
AZJPTIGZZTZIDR-UHFFFAOYSA-L,bengal rose,C1=C2C(=C3C=C(C(=O)C(=C3OC2=C(C(=C1I)[O-])I)I)I)C4=C(C(=C(C(=C4Cl)Cl)Cl)Cl)C(=O)[O-].[K+].[K+],20,64.0,94.0,0.0
Cn1cc[nH]c1-Ar,"NHC (general N, as in global condit…",Cn1cc[nH]c1-Ar,1,64.0,64.0,64.0
ALHSOZAEBFNWED-UHFFFAOYSA-N,Acridinium salt,Cc1cccc(C)c1-c1c2ccccc2[n+](C)c2ccccc12,1,64.0,64.0,64.0
SDUQQTUFOHZBMY-UHFFFAOYSA-K,CsPbBr3,[Cs+].[Pb+2].[Br-].[Br-].[Br-],22,63.9,96.0,10.0
LFMBERYWDLWXNO-UHFFFAOYSA-M,Acr+-Mes ClO4,CC1=CC(=C(C(=C1)C)C2=C3C=CC=CC3=[N+](C4=CC=CC=C42)C)C.[O-]Cl(=O)(=O)=O,17,63.2,81.0,35.0
OYNJAUIAADXAOW-UHFFFAOYSA-N,4CzPN,C1=CC=CC=2C3=CC=CC=C3N(C12)C1=C(C(=C(C(=C1C#N)N1C2=CC=CC=C2C=2C=CC=CC12)N1C2=CC=CC=C2C=2C=CC=CC12)C#N)N1C2=CC=CC=C2C=2C=CC=CC12,9,62.9,83.0,23.0
Ir(Cyclometalated)2(bpy)PF6,[Ir(dFCF3ppy)2(bpy)]PF6,Ir(Cyclometalated)2(bpy)PF6,6,62.2,92.0,11.0
SJGGARLLYFYHEC-UHFFFAOYSA-N,D (protonated NHC),C1(=C(C(=CC(=C1)C)C)N1N=C2N([C]1)CCC2)C,1,62.0,62.0,62.0
DXDQDQWGMMVWCE-UHFFFAOYSA-M,Ru(bpy) 3 Cl 2 ·6H 2 O,O=S(=O)([O-])C(F)F.[Na+],1,62.0,62.0,62.0
NJGSJBWAKHDAEA-UHFFFAOYSA-N,XPhosAuCl,Cl[Au]P(c1ccccc1)(c2ccccc2)c3ccccc3,2,62.0,78.0,46.0
QRUBYZBWAOOHSV-UHFFFAOYSA-M,AgOTf,C(F)(F)(F)S(=O)(=O)[O-].[Ag+],1,62.0,62.0,62.0
NAMED__copperiitriflatecuotf2,Copper(II) triflate (Cu(OTf)2),,1,61.0,61.0,61.0
AAWZDTNXLSGCEK-WVEQISQRSA-N,Ir(dFppy) 3,C1[C@H]([C@@H]([C@H](C[C@]1(C(=O)O)O)O)O)O,1,61.0,61.0,61.0
YAXWOADCWUUUNX-UHFFFAOYSA-N,rhodamine B,CC1CCCN(C1(C)C)C,1,61.0,61.0,61.0
NAMED__ensinb,Ensin B,,1,61.0,61.0,61.0
NAMED__0002204103,"0.002, 2.04 × 10 - 3",,8,60.8,93.0,20.0
NFHFRUOZVGFOOS-UHFFFAOYSA-N,Pd(PPh3)4,C1=CC=C(C=C1)P(C2=CC=CC=C2)C3=CC=CC=C3.C1=CC=C(C=C1)P(C2=CC=CC=C2)C3=CC=CC=C3.C1=CC=C(C=C1)P(C2=CC=CC=C2)C3=CC=CC=C3.C1=CC=C(C=C1)P(C2=CC=CC=C2)C3=CC=CC=C3.[Pd],16,60.8,99.0,5.0
NAMED__irdfcf3ppy2dtbpypf6,[Ir(dF(CF3)ppy)2(dtbpy)]PF6,,9,60.8,85.0,27.0
NAMED__cuidmp2cl,[Cu I (dmp)2]Cl,,1,60.0,60.0,60.0
ICDZQYAVTJQMEE-UHFFFAOYSA-N,C32H32BF4NO4,F[B-](F)(F)F.COC=1C=CC2=C(C3=CC=C(C=C3[N+](=C2C1)C1=CC(=CC(=C1)OC)OC)OC)C1=C(C=C(C=C1C)C)C,1,60.0,60.0,60.0
NZVOZEFGFJPKRP-UHFFFAOYSA-N,B (protonated NHC),C(C)(C)C1=C(C(=CC=C1)C(C)C)N1NN(C([C]1)C(=O)OC)C1=C(C=CC=C1C(C)C)C(C)C,1,60.0,60.0,60.0
NAMED__catalyst,catalyst,,20,59.8,90.6,33.9
HZRSJXHJJASTPZ-UHFFFAOYSA-N,[4a][BF4],F[B-](F)(F)F.c1ccc(cc1)c2cccc[n+]2.[Ir+3](c3ccccc3)(c4cccc[n+]4)c5ccccc5,5,59.8,85.0,0.0
ROZNMZUVKSVCLC-UHFFFAOYSA-N,ITN-3,c1ccc(cc1)n2c3ccccc3c4c2c5c(c6ccccc6n5c7ccccc7)c8c4c9ccccc9n8c1ccccc1,1,59.0,59.0,59.0
RJYMRRJVDRJMJW-UHFFFAOYSA-L,MnBr2 (10%),[Mn](Br)Br,21,58.7,71.0,32.0
KWGKDLIKAYFUFQ-UHFFFAOYSA-M,LiCl (2 equiv. instead of 4 equiv.),[Li+].[Cl-],15,58.5,95.0,8.0
NAMED__cuiidmp2clcl,[Cu II (dmp)2Cl]Cl,,1,58.0,58.0,58.0
NAMED__rubpy3cl2,Ru(bpy) 3 Cl 2,,3,58.0,95.0,0.0
PDXJYAIFDLOTKA-UHFFFAOYSA-N,Mes-Acr3,F[B-](F)(F)F.C1(=C(C(=CC(=C1)C)C)[N+]1=C2C=C(C(=C(C2=CC2=C(C(=C(C=C12)C1=CC=CC=C1)C)C1=CC=CC=C1)C1=CC=CC=C1)C)C1=CC=CC=C1)C,1,58.0,58.0,58.0
QGFMAHGYJHNBJH-UHFFFAOYSA-N,4CzBN,C1=CC=C2C(=C1)C3=CC=CC=C3N2C4=CC(=C(C(=C4N5C6=CC=CC=C6C7=CC=CC=C75)C#N)N8C9=CC=CC=C9C1=CC=CC=C18)N1C2=CC=CC=C2C2=CC=CC=C21,5,57.6,82.0,27.0
DOBRDRYODQBAMW-UHFFFAOYSA-N,CuCN,[C-]#N.[Cu+],16,57.6,99.0,0.0
TXNLQUKVUJITMX-UHFFFAOYSA-N,"dtbbpy (4,4'-di-tert-butyl-2,2'-bip…",CC(C)(C)C1=CC(=NC=C1)C2=NC=CC(=C2)C(C)(C)C,2,57.5,82.0,33.0
KUSMTNSIMOXCEC-UHFFFAOYSA-N,Ir(ppy)3,C1=CC=C(C(=C1)C2=CC=CC=N2)[Ir](C3=CC=CC=N3)(C4=CC=CC=N4)C5=CC=CC=C5.C6=CC=CC=C6.C7=CC=CC=C7,3,57.0,85.0,30.0
XPDWGBQVDMORPB-UHFFFAOYSA-N,[Ir(dF(CF3)ppy)2(dtbbpy)]PF6,C(F)(F)F,1,56.0,56.0,56.0
KUWAHGSTTYQIHT-IDCFCIFXSA-N,C55H55N3O3Si,OC(C1=CC=C(C2=CC=CC=C2)C=C1)(C1=CC=C(C2=CC=CC=C2)C=C1)[C@@H]1C[C@@H](O[Si](C2=CC=CC=C2)(C2=CC=CC=C2)C(C)(C)C)CN1C(=O)C1=C(N2CCCC2)C=CN=C1,4,56.0,62.0,49.0
UFKDSLWQNMMWLB-YODIAXNQSA-N,C59H79N3O3Si,CC(C)(C)[Si](O[C@@H]1C[C@H](C(O)(C2=CC(C(C)(C)C)=CC(C(C)(C)C)=C2)C3=CC(C(C)(C)C)=CC(C(C)(C)C)=C3)N(C1)C(=O)C4=CN=CC=C4N5CCCC5)(C6=CC=CC=C6)C7=CC=CC=C7,1,56.0,56.0,56.0
BMGNSKKZFQMGDH-FDGPNNRMSA-L,Ni(acac)2·2H2O,C/C(=C/C(=O)C)/[O-].C/C(=C/C(=O)C)/[O-].[Ni+2],22,56.0,74.0,8.0
CQLFBEKRDQMJLZ-UHFFFAOYSA-M,AgOAc,CC(=O)[O-].[Ag+],10,55.7,86.0,15.0
NAMED__niacac22h2o,Ni(acac) 2 $ 2H 2 O,,20,55.1,74.0,8.0
HSYLTRBDKXZSGS-UHFFFAOYSA-N,AgNTf2,C(F)(F)(F)S(=O)(=O)[N-]S(=O)(=O)C(F)(F)F.[Ag+],1,55.0,55.0,55.0
VTCRNMIPDYUTQI-BLPFIKBVSA-N,C39H37N3O3,OC(C1=CC=C(C2=CC=CC=C2)C=C1)(C1=CC=C(C2=CC=CC=C2)C=C1)[C@@H]1C[C@@H](O)CN1C(=O)C1=C(N2CCCC2)C=CN=C1,1,55.0,55.0,55.0
FC1=C[N+]=C(C23=[C](C=C(F)C=C2F)[In+]245([C]6=C(C(F)=CC(F)=C6)C6=[N]2C=C(F)C=C6)([C]2=C(C(F)=CC(F)=C2)C32=[N+]4C=C(F)C=C2)[N]2=C(C=CC(F)=C2)C2=[N]5C=C(F)C=C2)C=C1,FC1=C[N+]=C(C23=[C](C=C(F)C=C2F)[In…,FC1=C[N+]=C(C23=[C](C=C(F)C=C2F)[In+]245([C]6=C(C(F)=CC(F)=C6)C6=[N]2C=C(F)C=C6)([C]2=C(C(F)=CC(F)=C2)C32=[N+]4C=C(F)C=C2)[N]2=C(C=CC(F)=C2)C2=[N]5C=C(F)C=C2)C=C1,8,54.8,77.0,5.0
PKZDTCVLZMYBSR-UHFFFAOYSA-N,Mes-Acr4,F[B-](F)(F)F.C1(=C(C(=CC(=C1)C)C)[N+]1=C2C=C(C(=C(C2=CC2=C(C(=C(C=C12)C1=CC=CC=C1)C(C)(C)C)C1=CC=CC=C1)C1=CC=CC=C1)C(C)(C)C)C1=CC=CC=C1)C,8,54.8,82.0,23.0
VQYPWMWEJGDSTF-UHFFFAOYSA-N,TPT,[B-](F)(F)(F)F.C1=CC=C(C=C1)C2=CC(=[O+]C(=C2)C3=CC=CC=C3)C4=CC=CC=C4,10,54.8,90.0,12.0
NAMED__nicod2,Ni(COD) 2,,3,54.7,99.0,0.0
DDKFXVGJWDWBJU-UHFFFAOYSA-N,C34H20F16IrN4P,FC1=C(C2=NC=CC=C2)C=C(F)C=C1.FC1=C(C2=NC=CC=C2)C=C(F)C=C1.FC(F)(F)C1=CC=NC(C2=NC=CC(C(F)(F)F)=C2)=C1.F[P-](F)(F)(F)(F)F.[Ir+],3,54.3,84.0,20.0
GKOZUEZYRPOHIO-UHFFFAOYSA-N,cat-I ([Ir(dF(CF3)ppy)2(dtbbpy)]PF6…,[Ir],56,54.1,100.0,0.0
QSJXEFYPDANLFS-UHFFFAOYSA-N,Butanedione,CC(=O)C(=O)C,1,54.0,54.0,54.0
FJDQFPXHSGXQBY-UHFFFAOYSA-L,Cs2CO3 (cesium carbonate),C(=O)([O-])[O-].[Cs+].[Cs+],1,54.0,54.0,54.0
NAMED__et3pauntf2,Et 3 PAuNTf 2,,2,54.0,54.0,54.0
CC(C)(C)c1cc[n+](cc1)-c1cc(cc[n+]1-c1ccccc1-c1cccc[n+]1[Ir-4]1(<-[n+]2ccccc2-c2ccccc21)<-[n+]1ccc(cc1)C(C)(C)C)C(C)(C)C.F[P-](F)(F)(F)(F)F,[Ir(dtbbpy)(ppy) 2 ]PF 6,CC(C)(C)c1cc[n+](cc1)-c1cc(cc[n+]1-c1ccccc1-c1cccc[n+]1[Ir-4]1(<-[n+]2ccccc2-c2ccccc21)<-[n+]1ccc(cc1)C(C)(C)C)C(C)(C)C.F[P-](F)(F)(F)(F)F,1,54.0,54.0,54.0
RYYVLZVUVIJVGH-UHFFFAOYSA-N,Caffeine,CN1C=NC2=C1C(=O)N(C(=O)N2C)C,11,53.4,89.0,14.0
YSIWRRISLBPPOY-UHFFFAOYSA-N,C43H32F10IrN4+,CC(C)(C)C1=CC=NC(=C1)C2=C(C=C(C=C2)C(C)(C)C)N3[Ir+]4(C5=C(C=C(C=C5F)F)C6=NC=C(C=C64)C(F)(F)F)C7=C(C=C(C=C7F)F)C8=NC=C(C=C83)C(F)(F)F,3,53.3,58.0,47.0
ORTQZVOHEJQUHG-UHFFFAOYSA-L,CuCl2,Cl[Cu]Cl,1,53.0,53.0,53.0
NAMED__1,1,,1,53.0,53.0,53.0
NAMED__nisaccn,NiSAC/CN,,6,53.0,79.0,40.0
YFWWYHZRARZTFY-UHFFFAOYSA-N,2CzPN,C1(=CC=CC=2C3=CC=CC=C3NC12)C1=C(C=C(C(=C1)C#N)C#N)C1=CC=CC=2C3=CC=CC=C3NC12,1,53.0,53.0,53.0
HBQZVEZPKJJNLE-UHFFFAOYSA-N,Ir(ppy)2(dtbbpy)PF6,CC(C)(C)C1=CC=NC(=C1)C2=NC=CC(=C2)C(C)(C)C.C1=CC=C(C(=C1)C2=CC=CC=N2)[Ir+].C1=CC=C(C(=C1)C2=CC=CC=N2).F[P-](F)(F)(F)(F)F,8,52.9,98.0,0.0
PCPICZYEFFTANH-UHFFFAOYSA-N,5CzBN (5 mol%),C1=CC=C2C(=C1)C3=C(N2)C(=CC=C3)C4=C(C(=C(C(=C4C5=CC=CC6=C5NC7=CC=CC=C67)C8=CC=CC9=C8NC1=CC=CC=C91)C1=CC=CC2=C1NC1=CC=CC=C21)C1=CC=CC2=C1NC1=CC=CC=C21)C#N,31,52.2,86.0,11.0
WRFNOIVNLVIEDC-IXYVEGFRSA-N,NiX2•Glyme (5 mol%),O=C(Oc1ccc(C(F)(F)F)cc1)C1(O)C[C@@H](O)C(O)[C@H](O)C1,66,52.0,86.0,11.0
JOBDCUHPEISOEN-PILPWRDFSA-N,C42H45N3O3Si,O[C@@](C1=CC=C(C2=CC=CC=C2)C=C1)(C1=CC=C(C2=CC=CC=C2)C=C1)[C@H]1C[C@@H](O[Si](C)(C)C)CN1C(=O)C1=CN=CC=C1N2CCCC2,1,52.0,52.0,52.0
JRTIUDXYIUKIIE-KZUMESAESA-N,Ni(COD)2,C1/C=C\CC/C=C\C1.C1/C=C\CC/C=C\C1.[Ni],18,51.9,100.0,0.0
O=P(O)(O)Oc1ccc2c(c1)ccccc2O,O=P(O)(O)Oc1ccc2c(c1)ccccc2O,O=P(O)(O)Oc1ccc2c(c1)ccccc2O,14,51.9,69.0,38.0
KDLHZDBZIXYQEI-UHFFFAOYSA-N,[PdCl(η3-C3H5)]2,[Pd],14,51.9,69.0,38.0
NAMED__cui,CuI,,13,51.8,86.0,0.0
CAKMROUTAVPFAR-UHFFFAOYSA-N,Ir-1 (fac-Ir(ppy)3),C1=CC=C(C(=C1)C2=CC=CC=N2)[Ir](C3=CC=CC=N3)(C4=CC=CC=N4)(C5=CC=CC=C5)C6=CC=CC=C6,11,51.8,86.0,10.0
JAZWLEYGTKXZCJ-UHFFFAOYSA-N,fac-[Ir(ppy)3],C1=CC=C([C-]=C1)C2=CC=CC=N2.C1=CC=C([C-]=C1)C2=CC=CC=N2.C1=CC=C([C-]=C1)C2=CC=CC=N2.[Ir],12,51.6,91.0,0.0
NAMED__irdfcf3ppy2phenpf6,Ir[dF(CF3)ppy]2(Phen)PF6,,1,51.0,51.0,51.0
CHPVQLYVDDOWNT-UHFFFAOYSA-N,1 mol%,Cn1c(=O)cnc2ccccc21,1,51.0,51.0,51.0
NAMED__nopc,No PC,,1,51.0,51.0,51.0
c1ccc(-c2ccc(F)cc2)n2ccccc12,Photocatalyst PC5 (as listed in sch…,c1ccc(-c2ccc(F)cc2)n2ccccc12,1,51.0,51.0,51.0
SEACYXSIPDVVMV-UHFFFAOYSA-L,cat-IV (eosin Y),C1=CC=C(C(=C1)C2=C3C=C(C(=O)C(=C3OC4=C(C(=C(C=C24)Br)[O-])Br)Br)Br)C(=O)[O-].[Na+].[Na+],13,50.8,81.0,0.0
QGASWPZXBBCHKZ-UHFFFAOYSA-N,A (protonated NHC),C(C)(C)C1=C(C(=CC=C1)C(C)C)N1NN(C[C]1)C1=C(C=CC=C1C(C)C)C(C)C,12,50.8,88.0,8.0
CuI,CuI,CuI,9,50.6,80.0,5.0
JYPUGUWKDJEETD-UHFFFAOYSA-N,Mes-Acr1,F[B-](F)(F)F.C1(=C(C(=CC(=C1)C)C)[N+]1=C2C=C(C=C(C2=CC2=C(C=C(C=C12)C)C)C)C)C,1,50.0,50.0,50.0
NAMED__agntf2,AgNTf 2,,2,50.0,50.0,50.0
HBWBVIDKBKOVEX-UHFFFAOYSA-N,L3 (R = COOMe),COC(=O)C1=CC(=NC=C1)C2=NC=CC(=C2)C(=O)OC,16,49.6,99.0,30.0
KYDZEZNYRFJCSA-UHFFFAOYSA-N,5 (see structure 5),CC(C)(C)c1ccc(S(N)(=O)=O)cc1,1,49.0,49.0,49.0
BFFOXHLMSQDMHO-UHFFFAOYSA-N,DMF,C1=COC(=C1)C2=NC(=C(N=C2C3=CC=CO3)C#N)C#N,1,49.0,49.0,49.0
[Au]Cl.[Ag].SbF6,PPh3AuCl/AgSbF6,[Au]Cl.[Ag].SbF6,1,49.0,49.0,49.0
SHXOKQKTZJXHHR-UHFFFAOYSA-N,"(S,S)-11",CC[N+](=C1C=CC2=NC3=C(C=C(C4=CC=CC=C43)N)OC2=C1)CC.[Cl-],1,49.0,49.0,49.0
DBZJJPROPLPMSN-UHFFFAOYSA-N,Eosin Y,C1=CC=C2C(=C1)C(=O)OC23C4=CC(=C(C(=C4OC5=C(C(=C(C=C35)Br)O)Br)Br)O)Br,2,49.0,73.0,25.0
QMMRZOWCJAIUJA-UHFFFAOYSA-L,NiCl2·6H2O,Cl[Ni]Cl,11,48.8,88.0,0.0
PARWUHTVGZSQPD-UHFFFAOYSA-N,PdCl2(PCy3)2,C1=CC=C(C=C1)[SiH3],11,47.8,84.0,2.0
CC(C)(C)c1cc[n+](cc1)-c2cc(cc[n+]2C(C)(C)C)[Ir-3]3(<-n4ccccc4-c5cc(F)cc(F)c53)(<-n6ccccc6-c7cc(F)cc(F)c73)C(F)(F)F.F[P-](F)(F)(F)(F)F,Ir[dF(CF 3 )ppy] 2 (dtbbpy)PF 6,CC(C)(C)c1cc[n+](cc1)-c2cc(cc[n+]2C(C)(C)C)[Ir-3]3(<-n4ccccc4-c5cc(F)cc(F)c53)(<-n6ccccc6-c7cc(F)cc(F)c73)C(F)(F)F.F[P-](F)(F)(F)(F)F,5,47.4,82.0,12.0
PRWATGACIORDEL-UHFFFAOYSA-N,4CzIPN (2 mol %),C1=CC=C2C(=C1)C3=CC=CC=C3N2C4=C(C(=C(C(=C4C#N)N5C6=CC=CC=C6C7=CC=CC=C75)N8C9=CC=CC=C9C1=CC=CC=C18)N1C2=CC=CC=C2C2=CC=CC=C21)C#N,314,46.5,99.0,0.0
NAMED__pdtfa2,Pd(TFA) 2,,1,46.0,46.0,46.0
BMIFHOKSUGXUFQ-UHFFFAOYSA-N,C33H19F6IrN3-2,C1=CC=NC(=C1)C2=C(C=C(C=C2)F)F.C1=CC=NC(=C1)C2=C(C=C(C=[C-]2)F)F.C1=CC=NC(=C1)C2=C(C=C(C=[C-]2)F)F.[Ir],2,46.0,92.0,0.0
NAMED__irdtbbpyppy2pf6,[Ir(dtbbpy)(ppy) 2 ](PF 6 ),,20,45.7,81.0,3.0
RMVRSNDYEFQCLF-UHFFFAOYSA-N,PhSH,C1=CC=C(C=C1)S,1,45.0,45.0,45.0
OPQARKPSCNTWTJ-UHFFFAOYSA-L,Cu(OAc)2,CC(=O)[O-].CC(=O)[O-].[Cu+2],11,44.8,90.0,5.0
NAMED__cp2cr,Cp2Cr,,2,44.0,83.0,5.0
GCGRXVMGBHYMDA-UHFFFAOYSA-N,PC2 (3DPAFIPN),C1=CC=C(C=C1)N(C2=CC=CC=C2)C3=C(C(=C(C(=C3C#N)N(C4=CC=CC=C4)C5=CC=CC=C5)F)N(C6=CC=CC=C6)C7=CC=CC=C7)C#N,6,44.0,99.0,25.0
PQXKHYXIUOZZFA-UHFFFAOYSA-M,LiF,[Li+].[F-],1,44.0,44.0,44.0
CHYHHMZJDVBUAK-UHFFFAOYSA-N,C40H38F10IrN4P,CC(C)(C)C1=CC=NC(=C1)C2=NC=CC(=C2)C(C)(C)C.FC1=CC(=C(C=C1)C2=NC=CC=C2)F.FC3=CC(=C(C=C3)C4=NC=CC=C4)F.F[P-](F)(F)(F)(F)F.[Ir+],1,44.0,44.0,44.0
NAMED__cuiidapcl2,[Cu II (dap)Cl2],,5,43.2,70.0,3.0
XIXADJRWDQXREU-UHFFFAOYSA-M,LiOAc,[Li+].CC(=O)[O-],1,43.0,43.0,43.0
SJFYGUKHUNLZTK-UHFFFAOYSA-L,Ru(bpy)3Cl2·6H2O,[Cl-].[Cl-].c1ccc(nc1)-c2ccccn2.c1ccc(nc1)-c2ccccn2.c1ccc(nc1)-c2ccccn2.[Ru+2],27,42.6,98.0,0.0
DGRYGXHOVIKWSZ-UHFFFAOYSA-N,Mes-Acr2,F[B-](F)(F)F.C1(=C(C(=CC(=C1)C)C)[N+]1=C2C=C(C=C(C2=CC2=C(C=C(C=C12)C1=CC=CC=C1)C1=CC=CC=C1)C1=CC=CC=C1)C1=CC=CC=C1)C,1,42.0,42.0,42.0
Ir(c1ccccc1)(c1ccccc1)(c1ccccc1),fac-(ppy)3Ir,Ir(c1ccccc1)(c1ccccc1)(c1ccccc1),1,42.0,42.0,42.0
NSABRUJKERBGOU-UHFFFAOYSA-N,Ir(ppy)3,C1=CC=C([C-]=C1)C2=CC=CC=N2.C1=CC=C([C-]=C1)C2=CC=CC=N2.C1=CC=C([C-]=C1)C2=CC=CC=N2.[Ir+3],1,42.0,42.0,42.0
FQSYJWUQNJEONN-UHFFFAOYSA-N,C63H83F12IrN4P-,CC(C)(C)c1cc(C(C)(C)C)nc(-c2cc(C(C)(C)C)cc(C(C)(C)C)n2)c1.Fc1cc(F)c(F)c(F)c1-c1nc(C(C)(C)C)cc(C(C)(C)C)c1[Ir](c2cc(F)cc(F)c2)(n3c(C(C)(C)C)cc(C(C)(C)C)c3).F[P-](F)(F)(F)(F)F,2,41.0,41.0,41.0
N#Cc1cc(C#N)cc(N(c2ccc3ccccc3n2)c2ccc3ccccc3n2)cc1,4-CzIPN,N#Cc1cc(C#N)cc(N(c2ccc3ccccc3n2)c2ccc3ccccc3n2)cc1,7,40.9,80.0,1.0
DBQZLZMNZVRCGW-UHFFFAOYSA-N,fac -Ir(ppy) 3,Cn1c(=O)c(C(F)F)nc2ccccc21,9,40.6,72.0,10.0
SBZXBUIDTXKZTM-UHFFFAOYSA-N,NiBr2(diglyme),COCCOCCOC,14,40.6,95.0,5.0
LSXDOTMGLUJQCM-UHFFFAOYSA-M,Cu(IPr)I,[Cu]I,6,40.2,97.0,6.0
NAMED__pdoac2,Pd(OAc) 2,,11,40.1,85.0,0.0
NAMED__15,15,,1,40.0,40.0,40.0
ROFVEXUMMXZLPA-UHFFFAOYSA-N,"bpy (2,2'-bipyridine)",C1=CC=NC(=C1)C2=CC=CC=N2,1,40.0,40.0,40.0
Cl[Ni]1(Cl)(N2=CC=CC3=C2C=CC4=C3C=CC=N41),Ni(phen)Cl2,Cl[Ni]1(Cl)(N2=CC=CC3=C2C=CC4=C3C=CC=N41),8,39.6,87.0,0.0
KKMWMXQQOIIJIZ-UHFFFAOYSA-N,10 : 1 acetone/H 2 O,[B-](F)(F)(F)F.CC1=CC(=C(C(=C1)C)C2=C3C=CC=CC3=[N+](C4=CC=CC=C42)C)C,3,39.3,84.0,12.0
[Ir](p-CF3ppy)3,Ir(p-CF3ppy)3,[Ir](p-CF3ppy)3,4,39.0,49.0,15.0
VPDQSNRJLVWTFO-UHFFFAOYSA-N,C33H19F9InN5,FC1=CC=NC=C1C2=NC=CC=C2[In](C3=NC=CC=C3C4=CC(F)=CC(F)=C4)(N5C=CC=C(C(F)(F)F)C5C6=CC=NC=C6C(F)(F)F),1,39.0,39.0,39.0
UFXJWFBILHTTET-UHFFFAOYSA-N,LiBF4,[Li+].[B-](F)(F)(F)F,1,39.0,39.0,39.0
NAMED__8,8,,2,39.0,47.0,31.0
<mismatch>,Photocatalyst PC1 (as listed in sch…,<mismatch>,5,38.8,60.0,25.0
NAMED__irppy2dtbbpypf6,[Ir(ppy) 2 (dtbbpy)]PF 6,,19,38.4,82.0,0.0
NAMED__irdfcf3ppy2bpypf6,[Ir(dFCF3ppy)2(bpy)]PF6,,16,38.4,88.0,0.0
RMTGLTCLJRSHSB-UHFFFAOYSA-L,NiCl2·Phen,C1=CC2=C(C3=C(C=CC=N3)C=C2)N=C1.[Cl-].[Cl-].[Ni+2],10,38.1,87.0,0.0
IRXDUNDBRIVFOK-UHFFFAOYSA-N,N-phenyl-tetrahydroisoquinoline,COC1=CC=C(C=C1)C=1N=C(C(=NC1C1=CC=C(C=C1)OC)C#N)C#N,1,38.0,38.0,38.0
NAMED__rhoacdavephos,[Rh(OAc)(DavePhos)],,2,38.0,38.0,38.0
WYZDXGZBSGPGLY-UHFFFAOYSA-N,Carbazole,c1c(C#N)cc(N(C)C)c(N(C)C)c1C#N,1,38.0,38.0,38.0
NAMED__phs2,(PhS)2,,1,38.0,38.0,38.0
NAMED__cuidap2cl,[Cu I (dap)2]Cl,,2,37.5,72.0,3.0
JFSLBHVGPKDLDO-UHFFFAOYSA-L,Ru(bpy) 3 Cl 2  6H 2 O,c1ccc(nc1)-c2cccc[n+]2[Ru-2]([n+]3ccccc3-c4cccc[n+]4)([n+]5ccccc5-c6cccc[n+]6)[n+]7ccccc7-c8cccc[n+]8.[Cl-].[Cl-].O.O.O.O.O.O,11,37.2,89.0,0.0
ZQWNJGZQSBGNQF-UHFFFAOYSA-N,Ir[dF(CF3)ppy]2(dtbbpy)PF6 (instead…,CC(C)(C)c1cc(c2cc(cc(c2n1)C(C)(C)C)C)c3cc(c(nc3)c4cc(cc(c4[Ir]5(n6ccc(cc6c7cc(cc(n75)C(C)(C)C)C(C)(C)C)c8cc(c(nc8)c9cc(cc(c9)F)F)C(F)(F)F)C(F)(F)F)F)F)F.F[P-](F)(F)(F)(F)F,1,37.0,37.0,37.0
XAJPUJWOMJJPNU-UHFFFAOYSA-N,3 (see structure 3),CC1=CN=C(C=C1)C2=C(C=C(C=[C-]2)F)F.CC1=CN=C(C=C1)C2=C(C=C(C=[C-]2)F)F.CC(C)(C)C1=CC(=NC=C1)C2=NC=CC(=C2)C(C)(C)C.F[P-](F)(F)(F)(F)F.[Ir+3],15,36.8,87.0,0.0
NAMED__4czlpn,4-CzlPN,,7,36.3,52.0,0.0
DGEZNRSVGBDHLK-UHFFFAOYSA-N,"1,10-phenanthroline",C1=CC2=C(C3=C(C=CC=N3)C=C2)N=C1,1,36.0,36.0,36.0
UTGMZAVUYWBBRS-UHFFFAOYSA-N,NHC-4,CC(C)C1=CC=C(C=C1)N2C=CN(C2)C3=CC=C(C=C3)C(C)C,1,36.0,36.0,36.0
NAMED__hat15mol,HAT1 (5 mol%),,11,36.0,80.0,8.0
JZOZHSRJFJNUOU-XHTSQIMGSA-N,Zn(acac)2,C/C(=C\C(=O)C)/O.C/C(=C\C(=O)C)/O.O.[Zn],1,36.0,36.0,36.0
OCMNCWNTDDVHFK-UHFFFAOYSA-L,NiCl2 · glyme,COCCOC.Cl[Ni]Cl,110,35.6,100.0,0.0
NAMED__ptc,Pt(+) | C(-),,15,35.5,65.0,0.0
PRYQRZQPRQYEPU-WIOPSUGQSA-N,C27H29N3O3,O[C@@H]1CN(C(=O)c2cnccc2N3CCCC3)[C@H](C1)C(O)(c4ccccc4)c5ccccc5,1,35.0,35.0,35.0
NAMED__rhc2h4davephosotf4,[Rh(C 2 H 4 )(DavePhos)](OTf) ( 4 ),,11,34.5,84.0,5.0
NAMED__irdfcf3ppy2dtbbpypf6,[Ir(dF(CF 3 )ppy) 2 (dtbbpy)]PF 6,,28,34.0,88.0,0.0
CS(=O)(C)[Pt]1(Cl)Oc2cccc3cccnc231,C11H13ClNO2PtS,CS(=O)(C)[Pt]1(Cl)Oc2cccc3cccnc231,1,34.0,34.0,34.0
PBHVPGFXDJQNMN-UHFFFAOYSA-L,C9H13Cl2CrO,C1=CC=C[CH-]1.O1CCCC1.[Cl-].[Cl-].[Cr+3],3,34.0,87.0,5.0
NAMED__auiiic,Au(III) c,,1,34.0,34.0,34.0
NAMED__onetenthofthecatalyst,one tenth of the catalyst,,1,34.0,34.0,34.0
NAMED__auiiidichloro2picolinatogoldiii,Au(III) (dichloro(2-picolinato)gold…,,1,34.0,34.0,34.0
PZXIQAYPKSOMHD-UHFFFAOYSA-M,Co(OAc)2·4H2O,CCCCCCCCCCOC1=CC=CC(=C1)C(=O)NC2=C(C=C(C=C2)[N+](=O)[O-])C(=O)[O-],27,33.4,71.0,1.0
NAMED__rubpy3,Ru(bpy) 3,,1,33.0,33.0,33.0
O=[N+](=O)c1ccc(S(=O)(=O)ON(C)C(=O)C)cc1,O=[N+](=O)c1ccc(S(=O)(=O)ON(C)C(=O)…,O=[N+](=O)c1ccc(S(=O)(=O)ON(C)C(=O)C)cc1,10,32.9,52.0,20.0
XYFCBTPGUUZFHI-UHFFFAOYSA-N,phosphine (X mol%),P,19,32.2,87.0,0.0
NAMED__pc,[PC],,4,32.0,90.0,0.0
XKLNOVWDVMWTOB-UHFFFAOYSA-N,Tetrahydrocarbazole,C1CCC2=C(C1)C3=CC=CC=C3N2,1,32.0,32.0,32.0
NAMED__itn2,ITN-2,,9,31.7,91.0,0.0
NAMED__nhc,NHC,,13,31.6,82.0,0.0
SFJMFSWCBVEHBA-UHFFFAOYSA-M,CuTc,C1=CSC(=C1)C(=O)[O-].[Cu+],1,31.0,31.0,31.0
OXBLHERUFWYNTN-UHFFFAOYSA-M,Cu(IPr)Cl,[Cu]Cl,37,30.6,98.0,0.0
UEEXRMUCXBPYOV-UHFFFAOYSA-N,fac-Ir(ppy)3,c1ccc(cc1)-c2ccccn2.c1ccc(cc1)-c2ccccn2.c1ccc(cc1)-c2ccccn2.[Ir],2,30.0,60.0,0.0
JADJWSOBVMLGAR-PIZIKKFZSA-N,C43H61N3O3,CC(C)(C)c1cc(cc(c1)C(C)(C)C)C(O)(c2cc(cc(c2)C(C)(C)C)C(C)(C)C)[C@H]3C[C@@H](CN3C(=O)c4cnccc4N5CCCC5)O,1,30.0,30.0,30.0
QKBWDYLFYVXTGE-UHFFFAOYSA-N,PC4 (Ir(ppy)3),C1=CC=C(C(=C1)C2=CC=CC=N2)[Ir](C3=CC=CC=C3C4=CC=CC=N4)C5=CC=CC=C5C6=CC=CC=N6,1,30.0,30.0,30.0
KLDYQWXVZLHTKT-UHFFFAOYSA-N,[Ru(bpy) 3 ](PF 6 ) 2,C1=CC=NC(=C1)C2=CC=CC=N2.C1=CC=NC(=C1)C2=CC=CC=N2.C1=CC=NC(=C1)C2=CC=CC=N2.F[P-](F)(F)(F)(F)F.F[P-](F)(F)(F)(F)F.[Ru+2],8,29.9,70.0,0.0
[2*]C(=O)n1ccnc1,PC-1 (2 mol%),[2*]C(=O)n1ccnc1,17,29.8,85.0,0.0
GWPUNVSVEJLECO-UHFFFAOYSA-N,[Ru(bpy)3][BF4]2,C1=CC=NC(=C1)C2=CC=CC=N2.C1=CC=NC(=C1)C2=CC=CC=N2.C1=CC=NC(=C1)C2=CC=CC=N2.F[B-](F)(F)F.F[B-](F)(F)F.[Ru+2],3,29.7,68.0,5.0
CuOAc,CuOAc,CuOAc,1,29.0,29.0,29.0
XQRQMYXHKCLSHX-UHFFFAOYSA-N,NHC-1 (20 mol%),Cc1cc(C)cc(C)c1-n1nc[n+](C)c1C.F[B-](F)(F)F,19,28.9,85.0,0.0
RBQRSRKPXRSHFN-UHFFFAOYSA-N,CrCl2,CC(C)(C)C(=C)C(O)C(O)CC,7,27.9,79.0,0.0
GDFSONYPTVVILQ-UHFFFAOYSA-N,PdCl2,C1(=CC=CC=C1)P(N1C2=CC=CC=C2C=2C=CC=CC12)C1=CC=CC=C1,2,27.5,48.0,7.0
KMOVDRADWUSGIH-UHFFFAOYSA-N,Cu(acac)2,CC(=O)[CH-]C(=O)C.CC(=O)[CH-]C(=O)C.[Cu+2],31,27.4,95.0,0.0
NAMED__brettphosauntf2,BrettPhosAuNTf 2,,1,27.0,27.0,27.0
NAMED__uio67rubpy301,UiO-67-[Ru(bpy) 3 ] 0.1,,3,27.0,81.0,0.0
SBCHCGPHOQZMNK-UHFFFAOYSA-O,BrettPhosAuNTf2,CC(C)C1=CC(C(C)C)=CC(C(C)C)=C1C2=C(C=CC(OC)=C2OC)P(C3CCCCC3)(C4CCCCC4)[Au].O=S(=O)(N(S(=O)(=O)C(F)(F)F)S(=O)(=O)C(F)(F)F)C(F)(F)F,1,27.0,27.0,27.0
NVCZKUSRWBBGAH-UHFFFAOYSA-N,TPPCOOMe,COC(=O)C1=CC=C(C=C1)C2=C3C=CC(=C(C4=NC(=C(C5=CC=C(N5)C(=C6C=CC2=N6)C7=CC=C(C=C7)C(=O)OC)C8=CC=C(C=C8)C(=O)OC)C=C4)C9=CC=C(C=C9)C(=O)OC)N3,2,26.7,26.7,26.7
LAXRNWSASWOFOT-UHFFFAOYSA-J,[RuCl2(p-cymene)]2,CC1=CC=C(C=C1)C(C)C.CC1=CC=C(C=C1)C(C)C.Cl[Ru]Cl.Cl[Ru]Cl,30,26.6,90.0,0.0
NAMED__ir,[Ir],,3,26.3,40.0,2.0
NAMED__facirppy3,fac -Ir(ppy) 3,,6,26.3,75.0,0.0
WCUXLLCKKVVCTQ-UHFFFAOYSA-M,KCl instead of LiCl,[Cl-].[K+],1,26.0,26.0,26.0
LVTYSLTUQWEDBA-UHFFFAOYSA-O,NHC-1,F[B-](F)(F)F.C1(=C(C(=CC(=C1)C)C)C1N2C(N=[NH+]1)=CCC2)C,16,26.0,69.0,5.0
BMGNSKKZFQMGDH-UHFFFAOYSA-N,Ni(acac)2,[Ni+2].O=C(C)C=C(C)O.O=C(C)C=C(C)O,1,26.0,26.0,26.0
NAMED__3,3,,5,25.4,64.0,0.0
NAMED__20,20,,5,25.0,28.0,22.0
LSZLYWSRWXFMOI-UHFFFAOYSA-N,Co(TPP) (1 mol%),C1=CC=C(C=C1)C2=C3C=CC(=C(C4=NC(=C(C5=CC=C([N-]5)C(=C6C=CC2=N6)C7=CC=CC=C7)C8=CC=CC=C8)C=C4)C9=CC=CC=C9)[N-]3.[Co+2],26,24.5,82.0,0.0
QHPCLTFFYZNZCT-UHFFFAOYSA-L,Ni(dtbbpy)Br2,Br[Ni](Br)N1C=CC(=C1)C(C)(C)C,13,24.5,82.0,0.0
VCIVELSSYHAWGC-UHFFFAOYSA-N,Photocatalyst PC4 (as listed in sch…,CC(C)(C)C1=CC(=NC=C1)C2=NC=CC(=C2)C(C)(C)C.C1=CC=C([C-]=C1)C2=CC=CC=N2.C1=CC=C([C-]=C1)C2=CC=CC=N2.F[P-](F)(F)(F)(F)F.[Ir+3],60,24.2,100.0,0.0
MENUHMSZHZBYMK-VAWYXSNFSA-N,Ir(dFppy) 3,C(=C\C1CCCCC1)/c1ccccc1,2,24.0,36.0,12.0
WVHMPQKZPHOCRD-UHFFFAOYSA-N,Tetra  uoroisophthalonitrile,C(#N)C1=C(C(=C(C(=C1F)F)F)C#N)F,1,24.0,24.0,24.0
MJFCDPLEATUOPF-UHFFFAOYSA-L,NiCl2(PPh3)2,[Ni+2].[Cl-].[Cl-].P(c1ccccc1)(c1ccccc1)c1ccccc1,1,23.0,23.0,23.0
NAMED__nidtbbpybr225mol,Ni(dtbbpy)Br2 (2.5 mol%),,14,22.8,82.0,0.0
NAMED__dichloroeta51ethylenediphenylphosphanecyclopentadienylchromiumtoluene,dichloro-(eta5-1-(ethylenediphenylp…,,5,22.8,82.0,6.0
BKFAZDGHFACXKY-UHFFFAOYSA-N,Co(acac)2,CC(=O)[CH-]C(=O)C.CC(=O)[CH-]C(=O)C.[Co+2],25,22.6,93.0,0.0
SFLVZUJLUPAJNE-UHFFFAOYSA-N,C8H5Cu,[C-]#CC1=CC=CC=C1.[Cu+],5,22.0,95.0,0.0
NAMED__uio67bpy025,UiO-67-bpy 0.25,,1,22.0,22.0,22.0
CN1C=Cn(CC2=C3=C4=C5C(=CC=CC5=CC=C4C=C2)C=C3)[c]1[Ru]([CH3])([Cl])[Cl].Cc1ccc(C(C)C)cc1,[Ru] (structure I),CN1C=Cn(CC2=C3=C4=C5C(=CC=CC5=CC=C4C=C2)C=C3)[c]1[Ru]([CH3])([Cl])[Cl].Cc1ccc(C(C)C)cc1,15,20.8,47.0,2.0
FAPWRFPIFSIZLT-UHFFFAOYSA-M,sodium chloride,[Na+].[Cl-],1,20.0,20.0,20.0
RNTXMOYMHKPNCL-UHFFFAOYSA-N,NTC1,C1(C=COC=2C3=C(C=CC12)C1=CC=CC=C1C=C3)=O,1,20.0,20.0,20.0
WVVHDKDRHPEPHG-UHFFFAOYSA-N,N- BAP,C1=CC=C(C=C1)CN(CC2=CC=CC=C2)C3=C4C=NC=NC4=NC=N3,5,18.8,89.0,0.0
Ni(ClO4)2,Ni(ClO4)2·6H2O,Ni(ClO4)2,19,18.7,95.0,0.0
IPLJNQFXJUCRNH-UHFFFAOYSA-L,NiBr2(dMe-phen),[Ni](Br)Br,42,18.3,98.0,0.0
NAMED__cuccph,Cu-C≡C-Ph,,6,18.3,95.0,0.0
MREATSZIGJDNKB-HLIPFELVSA-N,[Rh(cod) 2 ](OTf),C1=CC=C(C=C1)[C@@H]2[C@H]([C@@]2(C(=O)NO)F)C3=CC=C(C=C3)C4=NC=C(C=N4)F,2,18.0,18.0,18.0
CC(C)c1cccc(C(C)C)c1-n1c[n+]2c(s1)CCCCCCC2.[ClO4-],NHC-7,CC(C)c1cccc(C(C)C)c1-n1c[n+]2c(s1)CCCCCCC2.[ClO4-],1,17.0,17.0,17.0
KDJHHFWQUAOVNB-UHFFFAOYSA-L,NiCl2(PCy3)2,[Ni+2].[Cl-].[Cl-].P(C1CCCCC1)(C1CCCCC1)C1CCCCC1,1,17.0,17.0,17.0
ZHWQZMLVJYMAPV-UHFFFAOYSA-N,C34H20F16IrN4P+2,F[P-](F)(F)(F)(F)F.FC1=C(C2=NC=CC=C2)C=C(C(F)(F)F)C=C1F.FC1=C(C2=NC=CC=C2)C=C(C(F)(F)F)C=C1F.C1=CC=NC(=C1)C1=CC=CC=N1.[Ir+3],11,15.5,43.0,0.0
FC(F)(F)c1ccc2-c3cccc[n]3->[Ir]34([c]2c1)([c]1cc(C(F)(F)F)ccc1-c1cccc[n]->31)[c]1cc(C(F)(F)F)ccc1-c1cccc[n]->41,Photocatalyst PC3 (as listed in sch…,FC(F)(F)c1ccc2-c3cccc[n]3->[Ir]34([c]2c1)([c]1cc(C(F)(F)F)ccc1-c1cccc[n]->31)[c]1cc(C(F)(F)F)ccc1-c1cccc[n]->41,2,15.0,15.0,15.0
OZUOUKMGSGEZPI-GGXMVOPNSA-N,C31H37N3O3,CC1=CC(C)=CC(C(O)(C2=CC(C)=CC(C)=C2)[C@H]3C[C@@H](O)CN3C(=O)C4=C(N5CCCC5)C=CN=C4)=C1,1,15.0,15.0,15.0
DVAUTWOAUKDUKC-UHFFFAOYSA-M,C23H22ClNO4,CC1=CC(C)=CC(C)=C1C2=[N+](C3=CC=CC=C3C4=CC=CC=C24)C.O=Cl(=O)(=O)[O-],2,13.5,22.0,5.0
OMEFAOJZWKOYAZ-UHFFFAOYSA-N,PC-1 (2 mol %),FC(F)(F)c1ccc2c(c1)c1ccc(C(F)(F)F)cc1n2c1c(C#N)c(n2c3ccc(C(F)(F)F)cc3c3cc(C(F)(F)F)ccc32)c(n2c3ccc(C(F)(F)F)cc3c3cc(C(F)(F)F)ccc32)c(C#N)c1n1c2ccc(C(F)(F)F)cc2c2cc(C(F)(F)F)ccc21,11,12.7,78.0,0.0
NAMED__rhoacc2h422,[Rh(OAc)(C 2 H 4 ) 2 ] 2,,15,12.1,35.0,3.0
BCARTDPMXHTOEN-UHFFFAOYSA-N,C22H20N6,CN(C1=CC=C(C=C1)C=1N=C(C(=NC1C1=CC=C(C=C1)N(C)C)C#N)C#N)C,1,12.0,12.0,12.0
LFKXWKGYHQXRQA-FDGPNNRMSA-N,Fe(acac)2,C/C(=C/C(=O)C)/O.C/C(=C/C(=O)C)/O.[Fe],1,12.0,12.0,12.0
NAMED__pc3,PC-3,,1,11.0,11.0,11.0
JCYWCSGERIELPG-UHFFFAOYSA-N,C (protonated NHC),CC1=CC(=C(C(=C1)C)N2C=C[N+](=[C-]2)C3=C(C=C(C=C3C)C)C)C,1,10.0,10.0,10.0
NAMED__15mol,(1.5 mol%),,1,10.0,10.0,10.0
ZAHTYUOYZIUQIV-UHFFFAOYSA-N,CrCl3,CC(CC(C(C(CCC1=CC=CC=C1)O)O)=C)C,2,10.0,10.0,10.0
NMCUIPGRVMDVDB-UHFFFAOYSA-L,FeCl2,Cl[Fe]Cl,1,10.0,10.0,10.0
RNTGUOUHZQBZCF-UHFFFAOYSA-N,6 (see structure 6),F[P-](F)(F)(F)(F)F.FC1=C(C2=NC=C(C(F)(F)F)C=C2)C=C(C(F)(F)F)C=C1.[Ir+].FC1=C(C2=NC=C(C(F)(F)F)C=C2)C=C(C(F)(F)F)C=C1.FC1=CC(F)=C(C2=NC=C(C(F)(F)F)C=C2)C=C1.FC1=CC(F)=C(C2=NC=C(C(F)(F)F)C=C2)C=C1,1,10.0,10.0,10.0
KHQNNRFYGOENPJ-UHFFFAOYSA-N,C18H10N4,C1=CC=C(C=C1)C2=NC(=C(N=C2C3=CC=CC=C3)C#N)C#N,1,10.0,10.0,10.0
NAMED__none,(none),,4,9.8,39.0,0.0
AGHOMQQMSQSXJY-UHFFFAOYSA-N,C12H19NS,C1=CSC2=C1C(C)C(CCCCC)N2,4,9.8,39.0,0.0
MEOBGRQEWFKZKV-UHFFFAOYSA-N,C18H8F2N4,FC1=CC=C(C=C1)C=1N=C(C(=NC1C1=CC=C(C=C1)F)C#N)C#N,1,8.0,8.0,8.0
VUMGFDOJOXNAHX-LMJRQTCTSA-N,C10H11Cl3O,CC(C=C)(C(/C=C/C(=C/Cl)/C=O)Cl)Cl,1,8.0,8.0,8.0
CIYJBIOHHFNSKA-UHFFFAOYSA-N,Ir(ppy)3 (instead of 4CzIPN),c1ccc(cc1)-c2ccccn2.[c]1ccc(cc1)-c2ccccn2.[c]1ccc(cc1)-c2ccccn2.[Ir],1,8.0,8.0,8.0
KWRXEGBIYYYZGD-UHFFFAOYSA-N,C38H28N6,CN(C1=CC=C(C=C1)C#CC1=CC=C(C=C1)C=1N=C(C(=NC1C1=CC=C(C=C1)C#CC1=CC=C(C=C1)N(C)C)C#N)C#N)C,1,7.0,7.0,7.0
NAMED__mesacrclo4,MesAcr-ClO 4,,1,7.0,7.0,7.0
NAMED__mesacr,Mes-Acr +,,1,7.0,7.0,7.0
UAMCZPCPAXDYCF-UHFFFAOYSA-N,E (protonated NHC),CC(C)C1=C(C(C)C)C=CC=C1N=C2SC3=C(CCCCCC3)N2,1,6.0,6.0,6.0
KBJMLQFLOWQJNF-UHFFFAOYSA-N,Ni(NO3)2,[Ni+2].[O-]N(=O)=O.[O-]N(=O)=O,1,5.0,5.0,5.0
NAMED__pdcl2,PdCl 2,,1,5.0,5.0,5.0
NAMED__ptcl2,PtCl 2,,2,5.0,5.0,5.0
c1ccc2-c3cccc[n]3->[Ir]34([c]2c1)([c]1ccccc1-c1cccc[n]->31)[c]1ccccc1-c1cccc[n]->41,Photocatalyst PC2 (as listed in sch…,c1ccc2-c3cccc[n]3->[Ir]34([c]2c1)([c]1ccccc1-c1cccc[n]->31)[c]1ccccc1-c1cccc[n]->41,2,5.0,5.0,5.0
IMYJHZSCOLZFAN-UHFFFAOYSA-N,NHC-2,C1=CC=C(C=C1)[N+]2=CN3CCCC3=N2,1,5.0,5.0,5.0
VASMYZBMPCWVBE-UHFFFAOYSA-N,NHC-3,Fc1c(F)c(F)c(c(F)c1F)[n+]2cn3CCCC3=N2,1,5.0,5.0,5.0
ANIWJSXZSLGVIG-UHFFFAOYSA-M,C12H14Cl2INO2PtS,ClC1=CC(I)=C(O)C=C1[Pt](Cl)(S(=O)(C)C)N2C=CC=C2,1,5.0,5.0,5.0
NAMED__znotf2,Zn(OTf) 2,,2,5.0,5.0,5.0
NBNQTVMMQUKXGB-UHFFFAOYSA-M,C11H15ClN3OPtS,CS(=O)(C)N1C=CC=NC1[Pt](Cl)(C2=CC=CC=N2),1,5.0,5.0,5.0
CC(C)c1cccc(C(C)C)c1n1csc2c1CCCCCC2,NHC-4,CC(C)c1cccc(C(C)C)c1n1csc2c1CCCCCC2,1,5.0,5.0,5.0
NAMED__acrmesclo4,[Acr-Mes]ClO4,,1,5.0,5.0,5.0
NAMED__rubpy3bf42,Ru(bpy)3(BF4)2,,1,5.0,5.0,5.0
NAMED__irppy3,[Ir(ppy)3],,1,5.0,5.0,5.0
NAMED__mesacrbf4,Mes-Acr+ BF4-,,1,5.0,5.0,5.0
NAMED__rhclc2h422,[RhCl(C 2 H 4 ) 2 ] 2,,2,4.0,4.0,4.0
IMNIMPAHZVJRPE-UHFFFAOYSA-N,"1,4-Diazabicyclo[2.2.2]octane (DABC…",C1CN2CCN1CC2,3,2.7,8.0,0.0
RBRHJTMMUJGDMK-UHFFFAOYSA-N,C31H17ClN4,N#CC1=C(C#N)C(Cl)=C(N2C3=CC=CC=C3C3=CC=CC=C32)C1N4C5=CC=CC=C5C6=CC=CC=C64,1,2.0,2.0,2.0
NAMED__4czipn,4-CzIPN,,1,1.0,1.0,1.0
CLCKQNKCSBPOEO-UHFFFAOYSA-N,C44H30P2+2,c1ccc([P+]2(c3ccccc3)c3ccc4cccc5c4c3-c3c(ccc4cccc2c34)[P+]5(c2ccccc2)c2ccccc2)cc1,1,1.0,1.0,1.0
UHJWZORSTYATLW-UHFFFAOYSA-N,C18H14O,C1=CC=C(C2=CC=CC=C2OC3=CC=CC=C3)C=C1,1,1.0,1.0,1.0
NAMED__5,5,,1,0.0,0.0,0.0
ASOKPJOREAFHNY-UHFFFAOYSA-N,HOBt (1-hydroxybenzotriazole),C1=CC=C2C(=C1)N=NN2O,2,0.0,0.0,0.0
IUMUSFOJHFCAER-UHFFFAOYSA-N,ITN-1,c1ccc2c(c1)c3c4ccccc4c5c6ccccc6c2n3n5,1,0.0,0.0,0.0
PUYOPUWPWSBDHE-UHFFFAOYSA-N,C16H10N2,N#Cc1c2c(c(C#N)c3ccccc13)CCC=C2,1,0.0,0.0,0.0
BAWFJGJZGIEFAR-NNYOXOHSSA-N,C21H27N7O14P2,C1=CC(=C[N+](=C1)[C@H]2[C@@H]([C@@H]([C@H](O2)COP(=O)([O-])OP(=O)(O)OC[C@@H]3[C@H]([C@H]([C@@H](O3)N4C=NC5=C(N=CN=C54)N)O)O)O)O)C(=O)N,1,0.0,0.0,0.0
NAMED__catalystxmol,Catalyst (X mol%),,2,0.0,0.0,0.0
NAMED__nocucatalystexplicitlyomittedforthisentry,No Cu catalyst (explicitly omitted …,,1,0.0,0.0,0.0
BIOPPFDHKHWJIA-UHFFFAOYSA-N,"DCA (9,10-dicyanoanthracene)",C1=CC=C2C(=C1)C(=C3C=CC=CC3=C2C#N)C#N,1,0.0,0.0,0.0
CC1=CC(C)=C(C2=CC(=[N+](C3=CC=CC=C3)C4=C(C=C(C=C4)C(C)(C)C)C2)C2=C(C)C=C(C)C=C2C)C(C)=C1.[BF4-],CC1=CC(C)=C(C2=CC(=[N+](C3=CC=CC=C3…,CC1=CC(C)=C(C2=CC(=[N+](C3=CC=CC=C3)C4=C(C=C(C=C4)C(C)(C)C)C2)C2=C(C)C=C(C)C=C2C)C(C)=C1.[BF4-],1,0.0,0.0,0.0
CFMZSMGAMPBRBE-UHFFFAOYSA-N,NHPI (N-hydroxyphthalimide),C1=CC=C2C(=C1)C(=O)N(C2=O)O,2,0.0,0.0,0.0
NAMED__nophotocatalyst,no photocatalyst,,1,0.0,0.0,0.0
CPKHFNMJTBLKLK-UHFFFAOYSA-N,triisopropylsilanethiol,CC(C)[Si](C(C)C)(C(C)C)S,2,0.0,0.0,0.0
NAMED__hatcatalyst,HAT catalyst,,1,0.0,0.0,0.0
PYWVYCXTNDRMGF-UHFFFAOYSA-N,Rhodamine B,CCN(CC)C1=CC2=C(C=C1)C(=C3C=CC(=[N+](CC)CC)C=C3O2)C4=CC=CC=C4C(=O)O.[Cl-],1,0.0,0.0,0.0
VYXSBFYARXAAKO-UHFFFAOYSA-N,Rhodamine 6G,CCNC1=CC2=C(C=C1C)C(=C3C=C(C(=[NH+]CC)C=C3O2)C)C4=CC=CC=C4C(=O)OCC.[Cl-],1,0.0,0.0,0.0
GNBHRKFJIUUOQI-UHFFFAOYSA-N,Fluorescein,C1=CC=C2C(=C1)C(=O)OC23C4=C(C=C(C=C4)O)OC5=C3C=CC(=C5)O,1,0.0,0.0,0.0
NAMED__na2eosiny,Na 2 -Eosin Y,,1,0.0,0.0,0.0
KUIYIMZJOLPWTB-UHFFFAOYSA-N,Mes-Acr+ (mesityl acridinium),c1ccc2[n+](c3ccccc23)c1,1,0.0,0.0,0.0
AWOLTJZICWTLFS-AHDGVXFFSA-N,Ir-1 (no light),C1C[C@H](CN(C1)C(=O)/C=C/COCCOCCOCCOCCOCCOC2=CC=CC3=C2C(=O)N(C3=O)C4CCC(=O)NC4=O)N5C6=NC=NC(=C6C(=N5)C7=CC=C(C=C7)OC8=CC=CC=C8)N,1,0.0,0.0,0.0
YBCAZPLXEGKKFM-UHFFFAOYSA-K,RuCl3·H2O,Cl[Ru](Cl)Cl,1,0.0,0.0,0.0
NAMED__rucl3h2o,RuCl 3 $ H 2 O,,1,0.0,0.0,0.0
NAMED__rupph34cl2,Ru(PPh 3 ) 4 Cl 2,,2,0.0,0.0,0.0
NAMED__nocatalyst,No catalyst,,1,0.0,0.0,0.0
NAMED__rucl2pcymene2dark,[RuCl 2 ( p -cymene)] 2 dark,,1,0.0,0.0,0.0
NAMED__rucl2pcymene2withair,[RuCl 2 ( p -cymene)] 2 with air,,1,0.0,0.0,0.0
HGFXURJADNGBLT-UHFFFAOYSA-N,photocatalyst (2 mol%),CCCCCCNS(=O)(=O)c1ccc(C(C)(C)C)cc1,1,0.0,0.0,0.0
NAMED__246triphenylpyryliumbf4,"2,4,6-Triphenylpyrylium BF4-",,1,0.0,0.0,0.0
NAMED__ru,[Ru],,1,0.0,0.0,0.0
AUTMONWMNMVWKS-UHFFFAOYSA-N,[Ir(ppy)2(dtbbpy)]+,CC(C)(C)c1cc(cc(n1)-c2cc(cc(n2)C(C)(C)C)C(C)(C)C)C(C)(C)C.[Ir+3].c1ccc(cc1)-c2ccccn2.c1ccc(cc1)-c2ccccn2,1,0.0,0.0,0.0
HNVRWFFXWFXICS-UHFFFAOYSA-N,[Ru(bpy)3]2+,C1=CC=NC(=C1)C2=CC=CC=N2.C1=CC=NC(=C1)C2=CC=CC=N2.C1=CC=NC(=C1)C2=CC=CC=N2.[Ru+2],1,0.0,0.0,0.0
CMKBCTPCXZNQKX-UHFFFAOYSA-N,cyclohexanethiol,C1CCC(CC1)S,2,0.0,0.0,0.0
DOAVAXAGEBTLHJ-UHFFFAOYSA-N,cat. = Ru(bpy) 3 (PF 6 ) 2,COc1ccc(cc1)C1(COC1)[V],1,0.0,0.0,0.0
JQZIKLPHXXBMCA-UHFFFAOYSA-N,triphenylmethanethiol,C1=CC=C(C=C1)C(C2=CC=CC=C2)(C3=CC=CC=C3)S,1,0.0,0.0,0.0
